track_file; hashed_config; timestamp of the run; had_video; was_guided; was_force_merge_allowed; distance_from_calculated_arena; min_trace_length; bee_max_step_length; bee_max_step_len_per_frame; min_trace_length_to_merge; max_trace_gap; max_step_distance_to_merge_overlapping_traces; min_step_distance_to_merge_overlapping_traces; max_shift; force_merge_vicinity_distance; vicinity_of_short_traces; maximal_distance_to_check_for_trace_swapping; max_trace_gap_to_interpolate_distance; screen_size; loaded traces; inside arena; zero length; jumps forth and back fixed; traces swapped; after first gaps and redundant; after merging overlapping traces; population size; ;file_id 
../data/Video_tracking/190822/20190822_111607344_1BEE_generated_20210430_080914_nn.csv; 5537095342118715238; 2023-03-16 02:15:25.034411; False; False; False; 50; 100; 70; 20; 50; 100; 120; 49; 0; 508; 200; 100;  50; [[0, 900], [0, 900]]; 1; 1; 1; 0; 0; 1; 1; 1; ;1 
1
../data/Video_tracking/190822/20190822_141925574_1bee_generated_20210504_081658_nn.csv; 5537095342118715238; 2023-03-16 02:15:25.517473; False; False; False; 50; 100; 70; 20; 50; 100; 120; 49; 0; 508; 200; 100;  50; [[0, 900], [0, 900]]; 156; 156; 61; 8; 0; 15; 15; 1; ;2 
2
../data/Video_tracking/190823/20190823_153007029_1BEE_generated_20210507_091854_nn.csv; 5537095342118715238; 2023-03-16 02:15:26.005001; False; False; False; 50; 100; 70; 20; 50; 100; 120; 49; 0; 508; 200; 100;  50; [[0, 900], [0, 900]]; 6; 6; 3; 0; 0; 1; 1; 1; ;3 
3
../data/Video_tracking/190823/20190823_114450691_1BEE_generated_20210506_100518_nn.csv; 5537095342118715238; 2023-03-16 02:15:26.460996; False; False; False; 50; 100; 70; 20; 50; 100; 120; 49; 0; 508; 200; 100;  50; [[0, 900], [0, 900]]; 15; 15; 9; 1; 0; 6; 6; 1; ;4 
4
../data/Video_tracking/190903/20190903_134034775_1BEE_generated_20210511_083234_nn.csv; 5537095342118715238; 2023-03-16 02:15:26.909225; False; False; False; 50; 100; 70; 20; 50; 100; 120; 49; 0; 508; 200; 100;  50; [[0, 900], [0, 900]]; 19; 19; 4; 1; 0; 3; 3; 1; ;5 
5
../data/Video_tracking/190903/20190903_172942424_1BEE_generated_20210520_073610_nn.csv; 5537095342118715238; 2023-03-16 02:15:27.385540; True; False; False; 50; 100; 70; 20; 50; 100; 120; 49; 0; 508; 200; 100;  50; [[0, 900], [0, 900]]; 62; 62; 26; 6; 0; 3; 3; 1; ;6 
6
../data/Video_tracking/190904/20190904_124852149_1BEE_generated_20210520_095527_nn.csv; 5537095342118715238; 2023-03-16 02:15:27.821540; False; False; False; 50; 100; 70; 20; 50; 100; 120; 49; 0; 508; 200; 100;  50; [[0, 900], [0, 900]]; 4; 4; 3; 1; 0; 3; 3; 1; ;7 
7
../data/Video_tracking/190904/20190904_165817979_1BEE_generated_20210525_103941_nn.csv; 5537095342118715238; 2023-03-16 02:15:28.261939; False; False; False; 50; 100; 70; 20; 50; 100; 120; 49; 0; 508; 200; 100;  50; [[0, 900], [0, 900]]; 1; 1; 1; 0; 0; 1; 1; 1; ;8 
8
../data/Video_tracking/190905/20190905_113138227_1BEE_generated_20210528_064758_nn.csv; 5537095342118715238; 2023-03-16 02:15:28.760367; False; False; False; 50; 100; 70; 20; 50; 100; 120; 49; 0; 508; 200; 100;  50; [[0, 900], [0, 900]]; 112; 111; 47; 2; 0; 17; 17; 1; ;9 
9
../data/Video_tracking/190906/20190906_152940727_1BEE_generated_20210607_101247_nn.csv; 5537095342118715238; 2023-03-16 02:15:29.238841; True; False; False; 50; 100; 70; 20; 50; 100; 120; 49; 0; 508; 200; 100;  50; [[0, 900], [0, 900]]; 2; 2; 2; 0; 0; 1; 1; 1; ;10 
10
../data/Video_tracking/190916/20190916_122643082_1BEE_generated_20210608_090120_nn.csv; 5537095342118715238; 2023-03-16 02:15:29.883205; False; False; False; 50; 100; 70; 20; 50; 100; 120; 49; 0; 508; 200; 100;  50; [[0, 900], [0, 900]]; 391; 391; 273; 16; 0; 24; 22; 1; ;11 
11
../data/Video_tracking/190916/20190916_160703748_1BEE_generated_20210611_111022_nn.csv; 5537095342118715238; 2023-03-16 02:15:30.369167; False; False; False; 50; 100; 70; 20; 50; 100; 120; 49; 0; 508; 200; 100;  50; [[0, 900], [0, 900]]; 123; 123; 24; 8; 0; 13; 13; 1; ;12 
12
../data/Video_tracking/190916/20190916_163119085_1BEE_generated_20210618_080129_nn.csv; 5537095342118715238; 2023-03-16 02:15:31.215337; False; False; False; 50; 100; 70; 20; 50; 100; 120; 49; 0; 508; 200; 100;  50; [[0, 900], [0, 900]]; 748; 748; 445; 120; 0; 31; 29; 1; ;13 
13
../data/Video_tracking/190917/20190917_115622949_1BEE_generated_20210902_081924_nn.csv; 5537095342118715238; 2023-03-16 02:15:31.690739; False; False; False; 50; 100; 70; 20; 50; 100; 120; 49; 0; 508; 200; 100;  50; [[0, 900], [0, 900]]; 8; 8; 8; 0; 0; 2; 2; 1; ;14 
14
../data/Video_tracking/190917/20190917_105812177_1BEE_generated_20210803_083548_nn.csv; 5537095342118715238; 2023-03-16 02:15:32.124275; False; False; False; 50; 100; 70; 20; 50; 100; 120; 49; 0; 508; 200; 100;  50; [[0, 900], [0, 900]]; 16; 6; 6; 0; 0; 5; 5; 1; ;15 
15
../data/Video_tracking/190917/20190917_152245969_1BEE_generated_20210903_103442_nn.csv; 5537095342118715238; 2023-03-16 02:15:32.564186; False; False; False; 50; 100; 70; 20; 50; 100; 120; 49; 0; 508; 200; 100;  50; [[0, 900], [0, 900]]; 12; 12; 7; 2; 0; 4; 4; 1; ;16 
16
../data/Video_tracking/190917/20190917_153417672_1BEE_generated_20210906_080339_nn.csv; 5537095342118715238; 2023-03-16 02:15:33.661321; False; False; False; 50; 100; 70; 20; 50; 100; 120; 49; 0; 508; 200; 100;  50; [[0, 900], [0, 900]]; 917; 917; 699; 12; 0; 13; 12; 1; ;17 
17
../data/Video_tracking/190918/20190918_152011250_1BEE_generated_20210907_090200_nn.csv; 5537095342118715238; 2023-03-16 02:15:34.331472; False; False; False; 50; 100; 70; 20; 50; 100; 120; 49; 0; 508; 200; 100;  50; [[0, 900], [0, 900]]; 418; 418; 321; 47; 0; 12; 12; 1; ;18 
18
../data/Video_tracking/190918/20190918_145147096_1BEE_generated_20210906_104220_nn.csv; 5537095342118715238; 2023-03-16 02:15:34.790927; False; False; False; 50; 100; 70; 20; 50; 100; 120; 49; 0; 508; 200; 100;  50; [[0, 900], [0, 900]]; 48; 48; 19; 1; 0; 8; 8; 1; ;19 
19
../data/Video_tracking/190918/20190918_111016982_1BEE_generated_20210910_081829_nn.csv; 5537095342118715238; 2023-03-16 02:15:35.251825; True; False; False; 50; 100; 70; 20; 50; 100; 120; 49; 0; 508; 200; 100;  50; [[0, 900], [0, 900]]; 79; 79; 53; 1; 0; 5; 5; 1; ;20 
20
../data/Video_tracking/190919/20190919_143424171_1BEE_generated_20210908_103953_nn.csv; 5537095342118715238; 2023-03-16 02:15:35.715263; False; False; False; 50; 100; 70; 20; 50; 100; 120; 49; 0; 508; 200; 100;  50; [[0, 900], [0, 900]]; 7; 7; 6; 1; 0; 1; 1; 1; ;21 
21
../data/Video_tracking/190919/20190919_110353881_1BEE_generated_20210908_084510_nn.csv; 5537095342118715238; 2023-03-16 02:15:36.115603; False; False; False; 50; 100; 70; 20; 50; 100; 120; 49; 0; 508; 200; 100;  50; [[0, 900], [0, 900]]; 103; 103; 49; 1; 0; 24; 24; 1; ;22 
22
../data/Video_tracking/190919/20190919_153051804_1BEE_generated_20210909_090515_nn.csv; 5537095342118715238; 2023-03-16 02:15:36.534876; False; False; False; 50; 100; 70; 20; 50; 100; 120; 49; 0; 508; 200; 100;  50; [[0, 900], [0, 900]]; 39; 39; 3; 0; 0; 1; 1; 1; ;23 
23
../data/Video_tracking/190920/20190920_111833317_1BEE_generated_20210910_074102_nn.csv; 5537095342118715238; 2023-03-16 02:15:36.994579; False; False; False; 50; 100; 70; 20; 50; 100; 120; 49; 0; 508; 200; 100;  50; [[0, 900], [0, 900]]; 6; 6; 5; 2; 0; 1; 1; 1; ;24 
24
../data/Video_tracking/190920/20190920_145859333_1BEE_generated_20210910_083808_nn.csv; 5537095342118715238; 2023-03-16 02:15:38.189346; False; False; False; 50; 100; 70; 20; 50; 100; 120; 49; 0; 508; 200; 100;  50; [[0, 900], [0, 900]]; 999; 999; 743; 43; 0; 39; 38; 1; ;25 
25
../data/Video_tracking/190920/20190920_154830359_1BEE_generated_20210910_090500_nn.csv; 5537095342118715238; 2023-03-16 02:15:38.638153; False; False; False; 50; 100; 70; 20; 50; 100; 120; 49; 0; 508; 200; 100;  50; [[0, 900], [0, 900]]; 9; 9; 7; 0; 0; 1; 1; 1; ;26 
26
../data/Video_tracking/190922/20190922_120740072_1BEE_generated_20210913_082513_nn.csv; 5537095342118715238; 2023-03-16 02:15:39.061208; False; False; False; 50; 100; 70; 20; 50; 100; 120; 49; 0; 508; 200; 100;  50; [[0, 900], [0, 900]]; 11; 11; 1; 0; 0; 1; 1; 1; ;27 
27
../data/Video_tracking/190922/20190922_171602695_1BEE_generated_20210913_105305_nn.csv; 5537095342118715238; 2023-03-16 02:15:39.499376; False; False; False; 50; 100; 70; 20; 50; 100; 120; 49; 0; 508; 200; 100;  50; [[0, 900], [0, 900]]; 4; 4; 3; 6; 0; 3; 3; 1; ;28 
28
../data/Video_tracking/190922/20190922_155939352_1BEE_generated_20210913_100501_nn.csv; 5537095342118715238; 2023-03-16 02:15:39.934966; False; False; False; 50; 100; 70; 20; 50; 100; 120; 49; 0; 508; 200; 100;  50; [[0, 900], [0, 900]]; 25; 25; 9; 0; 0; 5; 5; 1; ;29 
29
../data/Video_tracking/190924/20190924_153426086_1BEE_generated_20210914_093742_nn.csv; 5537095342118715238; 2023-03-16 02:15:40.427088; False; False; False; 50; 100; 70; 20; 50; 100; 120; 49; 0; 508; 200; 100;  50; [[0, 900], [0, 900]]; 44; 44; 32; 7; 0; 10; 10; 1; ;30 
30
../data/Video_tracking/190924/20190924_111059331_1BEE_generated_20210916_090912_nn.csv; 5537095342118715238; 2023-03-16 02:15:41.217612; True; False; False; 50; 100; 70; 20; 50; 100; 120; 49; 0; 508; 200; 100;  50; [[0, 900], [0, 900]]; 617; 617; 414; 91; 0; 43; 43; 1; ;31 
31
../data/Video_tracking/190925/20190925_101651861_1BEE_generated_20210921_073505_nn.csv; 5537095342118715238; 2023-03-16 02:15:42.350096; False; False; False; 50; 100; 70; 20; 50; 100; 120; 49; 0; 508; 200; 100;  50; [[0, 900], [0, 900]]; 922; 922; 683; 342; 0; 56; 54; 1; ;32 
32
../data/Video_tracking/190925/20190925_132615155_1BEE_generated_20210917_104344_nn.csv; 5537095342118715238; 2023-03-16 02:15:42.820473; False; False; False; 50; 100; 70; 20; 50; 100; 120; 49; 0; 508; 200; 100;  50; [[0, 900], [0, 900]]; 16; 16; 5; 1; 0; 2; 2; 1; ;33 
33
../data/Video_tracking/190926/20190926_153031662_1BEE_generated_20210927_090504_nn.csv; 5537095342118715238; 2023-03-16 02:15:43.476792; False; False; False; 50; 100; 70; 20; 50; 100; 120; 49; 0; 508; 200; 100;  50; [[0, 900], [0, 900]]; 499; 499; 344; 3; 0; 22; 22; 1; ;34 
34
../data/Video_tracking/190926/20190926_122135161_1BEE_generated_20210924_100636_nn.csv; 5537095342118715238; 2023-03-16 02:15:43.945161; True; False; False; 50; 100; 70; 20; 50; 100; 120; 49; 0; 508; 200; 100;  50; [[0, 900], [0, 900]]; 24; 23; 9; 0; 0; 2; 2; 1; ;35 
35
../data/Video_tracking/190927/20190927_110140688_1BEE_generated_20210929_105511_nn.csv; 5537095342118715238; 2023-03-16 02:15:44.378762; False; False; False; 50; 100; 70; 20; 50; 100; 120; 49; 0; 508; 200; 100;  50; [[0, 900], [0, 900]]; 5; 5; 2; 1; 0; 2; 2; 1; ;36 
36
../data/Video_tracking/190927/20190927_142316901_1BEE_generated_20211006_092457_nn.csv; 5537095342118715238; 2023-03-16 02:15:44.830075; False; False; False; 50; 100; 70; 20; 50; 100; 120; 49; 0; 508; 200; 100;  50; [[0, 900], [0, 900]]; 88; 88; 25; 1; 0; 1; 1; 1; ;37 
37
../data/Video_tracking/190927/20190927_111245617_1BEE_generated_20210929_105817_nn.csv; 5537095342118715238; 2023-03-16 02:15:45.598803; False; False; False; 50; 100; 70; 20; 50; 100; 120; 49; 0; 508; 200; 100;  50; [[0, 900], [0, 900]]; 538; 530; 349; 21; 0; 26; 25; 1; ;38 
38
../data/Video_tracking/190928/20190928_163456673_1BEE_generated_20211011_071038_nn.csv; 5537095342118715238; 2023-03-16 02:15:46.040138; True; False; False; 50; 100; 70; 20; 50; 100; 120; 49; 0; 508; 200; 100;  50; [[0, 900], [0, 900]]; 3; 3; 3; 0; 0; 2; 2; 1; ;39 
39
../data/Video_tracking/190929/20190929_124230212_1BEE_generated_20211012_095333_nn.csv; 5537095342118715238; 2023-03-16 02:15:46.566055; False; False; False; 50; 100; 70; 20; 50; 100; 120; 49; 0; 508; 200; 100;  50; [[0, 900], [0, 900]]; 88; 88; 55; 1; 0; 19; 19; 1; ;40 
40
../data/Video_tracking/190929/20190929_160530530_1BEE_generated_20211018_081442_nn.csv; 5537095342118715238; 2023-03-16 02:15:47.053345; True; False; False; 50; 100; 70; 20; 50; 100; 120; 49; 0; 508; 200; 100;  50; [[0, 900], [0, 900]]; 63; 63; 15; 22; 0; 7; 7; 1; ;41 
41
../data/Video_tracking/190930/20190930_145350661_1BEE_generated_20211018_102533_nn.csv; 5537095342118715238; 2023-03-16 02:15:47.783757; False; False; False; 50; 100; 70; 20; 50; 100; 120; 49; 0; 508; 200; 100;  50; [[0, 900], [0, 900]]; 523; 523; 331; 31; 0; 42; 42; 1; ;42 
42
../data/Video_tracking/190930/20190930_112905317_1BEE_generated_20211019_103540_nn.csv; 5537095342118715238; 2023-03-16 02:15:48.306344; True; False; False; 50; 100; 70; 20; 50; 100; 120; 49; 0; 508; 200; 100;  50; [[0, 900], [0, 900]]; 33; 33; 18; 2; 0; 8; 8; 1; ;43 
43
../data/Video_tracking/190930/20190930_115128061_1BEE_generated_20211020_072929_nn.csv; 5537095342118715238; 2023-03-16 02:15:48.941348; False; False; False; 50; 100; 70; 20; 50; 100; 120; 49; 0; 508; 200; 100;  50; [[0, 900], [0, 900]]; 378; 378; 227; 36; 0; 32; 28; 1; ;44 
44
../data/Video_tracking/191001/20191001_114401465_1BEE_generated_20211026_100501_nn.csv; 5537095342118715238; 2023-03-16 02:15:49.416531; False; False; False; 50; 100; 70; 20; 50; 100; 120; 49; 0; 508; 200; 100;  50; [[0, 900], [0, 900]]; 31; 31; 11; 2; 0; 3; 3; 1; ;45 
45
../data/Video_tracking/191001/20191001_143255621_1BEE_generated_20211029_082206_nn.csv; 5537095342118715238; 2023-03-16 02:15:49.905287; False; False; False; 50; 100; 70; 20; 50; 100; 120; 49; 0; 508; 200; 100;  50; [[0, 900], [0, 900]]; 3; 3; 1; 0; 0; 1; 1; 1; ;46 
46
../data/Video_tracking/191002/20191002_104343446_1BEE_generated_20211220_113343_nn.csv; 5537095342118715238; 2023-03-16 02:15:50.563500; False; False; False; 50; 100; 70; 20; 50; 100; 120; 49; 0; 508; 200; 100;  50; [[0, 900], [0, 900]]; 281; 281; 189; 1; 0; 67; 67; 1; ;47 
47
../data/Video_tracking/191002/20191002_135837756_1BEE_generated_20211222_092214_nn.csv; 5537095342118715238; 2023-03-16 02:15:51.092956; True; False; False; 50; 100; 70; 20; 50; 100; 120; 49; 0; 508; 200; 100;  50; [[0, 900], [0, 900]]; 121; 121; 58; 10; 0; 17; 17; 1; ;48 
48
../data/Video_tracking/191003/20191003_131823429_1BEE_generated_20220103_114647_nn.csv; 5537095342118715238; 2023-03-16 02:15:51.483622; True; False; False; 50; 100; 70; 20; 50; 100; 120; 49; 0; 508; 200; 100;  50; [[0, 900], [0, 900]]; 5; 5; 3; 2; 0; 2; 2; 1; ;49 
49
../data/Video_tracking/191003/20191003_101739372_1BEE_generated_20211222_111933_nn.csv; 5537095342118715238; 2023-03-16 02:15:52.422935; False; False; False; 50; 100; 70; 20; 50; 100; 120; 49; 0; 508; 200; 100;  50; [[0, 900], [0, 900]]; 405; 390; 295; 1217; 0; 106; 96; 1; ;50 
50
../data/Video_tracking/191007/20191007_151826322_1BEE_generated_20220105_091320_nn.csv; 5537095342118715238; 2023-03-16 02:15:52.894162; True; False; False; 50; 100; 70; 20; 50; 100; 120; 49; 0; 508; 200; 100;  50; [[0, 900], [0, 900]]; 9; 9; 7; 1; 0; 6; 6; 1; ;51 
51
../data/Video_tracking/191007/20191007_143443948_1BEE_generated_20220104_115223_nn.csv; 5537095342118715238; 2023-03-16 02:15:53.341852; False; False; False; 50; 100; 70; 20; 50; 100; 120; 49; 0; 508; 200; 100;  50; [[0, 900], [0, 900]]; 8; 8; 1; 1; 0; 1; 1; 1; ;52 
52
../data/Video_tracking/191008/20191008_162311875_1BEE_generated_20220107_085313_nn.csv; 5537095342118715238; 2023-03-16 02:15:53.812445; False; False; False; 50; 100; 70; 20; 50; 100; 120; 49; 0; 508; 200; 100;  50; [[0, 900], [0, 900]]; 37; 37; 29; 5; 0; 9; 9; 1; ;53 
53
../data/Video_tracking/191008/20191008_111526719_1BEE_generated_20220105_110112_nn.csv; 5537095342118715238; 2023-03-16 02:15:54.309213; False; False; False; 50; 100; 70; 20; 50; 100; 120; 49; 0; 508; 200; 100;  50; [[0, 900], [0, 900]]; 2; 2; 2; 1; 0; 1; 1; 1; ;54 
54
../data/Video_tracking/191008/20191008_151959136_1BEE_generated_20220107_074215_nn.csv; 5537095342118715238; 2023-03-16 02:15:54.765482; True; False; False; 50; 100; 70; 20; 50; 100; 120; 49; 0; 508; 200; 100;  50; [[0, 900], [0, 900]]; 109; 108; 24; 26; 0; 21; 21; 1; ;55 
55
../data/Video_tracking/191008/20191008_124602433_1BEE_generated_20220107_072300_nn.csv; 5537095342118715238; 2023-03-16 02:15:55.306811; False; False; False; 50; 100; 70; 20; 50; 100; 120; 49; 0; 508; 200; 100;  50; [[0, 900], [0, 900]]; 349; 349; 155; 28; 0; 26; 26; 1; ;56 
56
../data/Video_tracking/191011/20191011_151039091_1BEE_generated_20220107_103850_nn.csv; 5537095342118715238; 2023-03-16 02:15:55.791437; False; False; False; 50; 100; 70; 20; 50; 100; 120; 49; 0; 508; 200; 100;  50; [[0, 900], [0, 900]]; 41; 41; 9; 7; 0; 2; 2; 1; ;57 
57
../data/Video_tracking/191011/20191011_140303626_1BEE_generated_20220107_094318_nn.csv; 5537095342118715238; 2023-03-16 02:15:56.241781; False; False; False; 50; 100; 70; 20; 50; 100; 120; 49; 0; 508; 200; 100;  50; [[0, 900], [0, 900]]; 60; 60; 24; 17; 0; 8; 8; 1; ;58 
58
../data/Video_tracking/191014/20191014_160829309_1BEE_generated_20220110_083510_nn.csv; 5537095342118715238; 2023-03-16 02:15:57.250657; True; False; False; 50; 100; 70; 20; 50; 100; 120; 49; 0; 508; 200; 100;  50; [[0, 900], [0, 900]]; 378; 378; 279; 0; 0; 191; 191; 1; ;59 
59
../data/Video_tracking/191014/20191014_171503396_1BEE_generated_20220111_102855_nn.csv; 5537095342118715238; 2023-03-16 02:15:57.704992; False; False; False; 50; 100; 70; 20; 50; 100; 120; 49; 0; 508; 200; 100;  50; [[0, 900], [0, 900]]; 7; 7; 3; 1; 0; 2; 2; 1; ;60 
60
../data/Video_tracking/191016/20191016_130021334_1BEE_generated_20220118_094841_nn.csv; 5537095342118715238; 2023-03-16 02:15:58.243475; False; False; False; 50; 100; 70; 20; 50; 100; 120; 49; 0; 508; 200; 100;  50; [[0, 900], [0, 900]]; 216; 216; 150; 132; 0; 25; 25; 1; ;61 
61
../data/Video_tracking/191016/20191016_120823730_1BEE_generated_20220111_120510_nn.csv; 5537095342118715238; 2023-03-16 02:15:58.723850; False; False; False; 50; 100; 70; 20; 50; 100; 120; 49; 0; 508; 200; 100;  50; [[0, 900], [0, 900]]; 7; 7; 2; 0; 0; 2; 2; 1; ;62 
62
../data/Video_tracking/191017/20191017_123055432_1BEE_generated_20220121_112104_nn.csv; 5537095342118715238; 2023-03-16 02:15:59.153934; False; False; False; 50; 100; 70; 20; 50; 100; 120; 49; 0; 508; 200; 100;  50; [[0, 900], [0, 900]]; 14; 14; 7; 1; 0; 4; 4; 1; ;63 
63
../data/Video_tracking/191017/20191017_163619189_1BEE_generated_20220125_073904_nn.csv; 5537095342118715238; 2023-03-16 02:15:59.642916; False; False; False; 50; 100; 70; 20; 50; 100; 120; 49; 0; 508; 200; 100;  50; [[0, 900], [0, 900]]; 98; 98; 22; 9; 0; 6; 6; 1; ;64 
64
../data/Video_tracking/191017/20191017_131704603_1BEE_generated_20220121_114648_nn.csv; 5537095342118715238; 2023-03-16 02:16:00.157150; False; False; False; 50; 100; 70; 20; 50; 100; 120; 49; 0; 508; 200; 100;  50; [[0, 900], [0, 900]]; 80; 80; 33; 5; 0; 7; 7; 1; ;65 
65
../data/Video_tracking/191018/20191018_123336571_1BEE_generated_20220126_083927_nn.csv; 5537095342118715238; 2023-03-16 02:16:00.627021; False; False; False; 50; 100; 70; 20; 50; 100; 120; 49; 0; 508; 200; 100;  50; [[0, 900], [0, 900]]; 45; 45; 23; 0; 0; 4; 4; 1; ;66 
66
../data/Video_tracking/190822/20190822_112842909_2BEE_generated_20210503_074806_nn.csv; 5537095342118715238; 2023-03-16 02:16:01.713008; True; False; False; 50; 100; 70; 20; 50; 100; 120; 49; 0; 508; 200; 100;  50; [[0, 900], [0, 900]]; 65; 65; 49; 26; 0; 36; 33; 2; ;67 
67
../data/Video_tracking/190822/20190822_143216366_2bees_generated_20210504_064410_nn.csv; 5537095342118715238; 2023-03-16 02:16:02.925233; False; False; False; 50; 100; 70; 20; 50; 100; 120; 49; 0; 508; 200; 100;  50; [[0, 900], [0, 900]]; 79; 79; 62; 1; 0; 57; 43; 2; ;68 
68
../data/Video_tracking/190823/20190823_115857275_2BEES_generated_20210507_083510_nn.csv; 5537095342118715238; 2023-03-16 02:16:04.132460; False; False; False; 50; 100; 70; 20; 50; 100; 120; 49; 0; 508; 200; 100;  50; [[0, 900], [0, 900]]; 171; 122; 55; 6; 0; 32; 24; 2; ;69 
69
../data/Video_tracking/190823/20190823_154249666_2BEES_generated_20210510_095112_nn.csv; 5537095342118715238; 2023-03-16 02:16:05.212315; True; False; False; 50; 100; 70; 20; 50; 100; 120; 49; 0; 508; 200; 100;  50; [[0, 900], [0, 900]]; 55; 53; 40; 4; 0; 30; 23; 2; ;70 
70
../data/Video_tracking/190903/20190903_162330843_2BEES_generated_20210520_072141_nn.csv; 5537095342118715238; 2023-03-16 02:16:06.703011; False; False; False; 50; 100; 70; 20; 50; 100; 120; 49; 0; 508; 200; 100;  50; [[0, 900], [0, 900]]; 187; 187; 135; 1; 0; 123; 111; 2; ;71 
71
../data/Video_tracking/190903/20190903_122246620_2BEES_generated_20210511_083802_nn.csv; 5537095342118715238; 2023-03-16 02:16:08.580776; False; False; False; 50; 100; 70; 20; 50; 100; 120; 49; 0; 508; 200; 100;  50; [[0, 900], [0, 900]]; 1034; 1034; 649; 11; 0; 34; 13; 2; ;72 
72
../data/Video_tracking/190904/20190904_113737340_2BEES_generated_20210521_065405_nn.csv; 5537095342118715238; 2023-03-16 02:16:23.538611; True; False; False; 50; 100; 70; 20; 50; 100; 120; 49; 0; 508; 200; 100;  50; [[0, 900], [0, 900]]; 1016; 1016; 742; 20; 0; 694; 682; 2; ;73 
73
../data/Video_tracking/190904/20190904_155648360_2BEES_generated_20210521_104649_nn.csv; 5537095342118715238; 2023-03-16 02:16:28.073275; False; False; False; 50; 100; 70; 20; 50; 100; 120; 49; 0; 508; 200; 100;  50; [[0, 900], [0, 900]]; 475; 475; 360; 11; 0; 36; 25; 2; ;74 
74
../data/Video_tracking/190905/20190905_120614441_2BEES_generated_20210528_103143_nn.csv; 5537095342118715238; 2023-03-16 02:16:29.407419; True; False; False; 50; 100; 70; 20; 50; 100; 120; 49; 0; 508; 200; 100;  50; [[0, 900], [0, 900]]; 257; 257; 150; 9; 0; 78; 73; 2; ;75 
75
../data/Video_tracking/190905/20190905_115416146_2BEES_generated_20210528_065454_nn.csv; 5537095342118715238; 2023-03-16 02:16:30.400152; False; False; False; 50; 100; 70; 20; 50; 100; 120; 49; 0; 508; 200; 100;  50; [[0, 900], [0, 900]]; 11; 11; 5; 9; 0; 3; 2; 2; ;76 
76
../data/Video_tracking/190906/20190906_155121999_2BEES_generated_20210607_101833_nn.csv; 5537095342118715238; 2023-03-16 02:16:31.346000; False; False; False; 50; 100; 70; 20; 50; 100; 120; 49; 0; 508; 200; 100;  50; [[0, 900], [0, 900]]; 27; 27; 19; 1; 0; 8; 8; 2; ;77 
77
../data/Video_tracking/190916/20190916_161941067_2BEES_generated_20210618_075432_nn.csv; 5537095342118715238; 2023-03-16 02:16:33.754522; False; False; False; 50; 100; 70; 20; 50; 100; 120; 49; 0; 508; 200; 100;  50; [[0, 900], [0, 900]]; 653; 653; 471; 6; 0; 172; 166; 2; ;78 
78
../data/Video_tracking/190916/20190916_164302025_2BEES_generated_20210618_095944_nn.csv; 5537095342118715238; 2023-03-16 02:16:34.887087; False; False; False; 50; 100; 70; 20; 50; 100; 120; 49; 0; 508; 200; 100;  50; [[0, 900], [0, 900]]; 28; 28; 23; 2; 0; 11; 9; 2; ;79 
79
../data/Video_tracking/190916/20190916_123747096_2BEES_generated_20210608_091639_nn.csv; 5537095342118715238; 2023-03-16 02:16:37.569240; True; False; False; 50; 100; 70; 20; 50; 100; 120; 49; 0; 508; 200; 100;  50; [[0, 900], [0, 900]]; 488; 488; 402; 406; 0; 208; 170; 2; ;80 
80
../data/Video_tracking/190917/20190917_110943703_2BEES_generated_20210809_091448_nn.csv; 5537095342118715238; 2023-03-16 02:16:38.771642; False; False; False; 50; 100; 70; 20; 50; 100; 120; 49; 0; 508; 200; 100;  50; [[0, 900], [0, 900]]; 54; 54; 33; 1; 0; 24; 11; 2; ;81 
81
../data/Video_tracking/190918/20190918_112137922_2BEES_generated_20210907_082919_nn.csv; 5537095342118715238; 2023-03-16 02:16:39.905894; False; False; False; 50; 100; 70; 20; 50; 100; 120; 49; 0; 508; 200; 100;  50; [[0, 900], [0, 900]]; 60; 60; 54; 3; 0; 54; 35; 2; ;82 
82
../data/Video_tracking/190919/20190919_151934478_2BEES_generated_20210909_085536_nn.csv; 5537095342118715238; 2023-03-16 02:16:41.456420; False; False; False; 50; 100; 70; 20; 50; 100; 120; 49; 0; 508; 200; 100;  50; [[0, 900], [0, 900]]; 747; 747; 609; 19; 0; 58; 40; 2; ;83 
83
../data/Video_tracking/190919/20190919_144516547_2BEES_generated_20210909_084032_nn.csv; 5537095342118715238; 2023-03-16 02:16:42.796667; False; False; False; 50; 100; 70; 20; 50; 100; 120; 49; 0; 508; 200; 100;  50; [[0, 900], [0, 900]]; 319; 319; 180; 5; 0; 83; 81; 2; ;84 
84
../data/Video_tracking/190919/20190919_111450677_2BEES_generated_20210908_084940_nn.csv; 5537095342118715238; 2023-03-16 02:16:43.842363; False; False; False; 50; 100; 70; 20; 50; 100; 120; 49; 0; 508; 200; 100;  50; [[0, 900], [0, 900]]; 91; 91; 65; 1; 0; 53; 53; 2; ;85 
85
../data/Video_tracking/190920/20190920_151014398_2BEES_generated_20210910_084442_nn.csv; 5537095342118715238; 2023-03-16 02:16:45.020070; False; False; False; 50; 100; 70; 20; 50; 100; 120; 49; 0; 508; 200; 100;  50; [[0, 900], [0, 900]]; 85; 85; 69; 3; 0; 46; 40; 2; ;86 
86
../data/Video_tracking/190920/20190920_113115350_2BEES_generated_20210909_101941_nn.csv; 5537095342118715238; 2023-03-16 02:16:46.053759; False; False; False; 50; 100; 70; 20; 50; 100; 120; 49; 0; 508; 200; 100;  50; [[0, 900], [0, 900]]; 83; 83; 63; 3; 0; 46; 40; 2; ;87 
87
../data/Video_tracking/190920/20190920_160116039_2BEES_generated_20210910_090924_nn.csv; 5537095342118715238; 2023-03-16 02:16:47.726031; False; False; False; 50; 100; 70; 20; 50; 100; 120; 49; 0; 508; 200; 100;  50; [[0, 900], [0, 900]]; 212; 212; 147; 6; 0; 108; 91; 2; ;88 
88
../data/Video_tracking/190922/20190922_161322983_2BEES_generated_20210913_102101_nn.csv; 5537095342118715238; 2023-03-16 02:16:49.038226; False; False; False; 50; 100; 70; 20; 50; 100; 120; 49; 0; 508; 200; 100;  50; [[0, 900], [0, 900]]; 159; 159; 104; 10; 0; 64; 61; 2; ;89 
89
../data/Video_tracking/190922/20190922_130906274_2BEES_generated_20210913_092109_nn.csv; 5537095342118715238; 2023-03-16 02:16:50.527101; False; False; False; 50; 100; 70; 20; 50; 100; 120; 49; 0; 508; 200; 100;  50; [[0, 900], [0, 900]]; 316; 316; 214; 8; 0; 191; 162; 2; ;90 
90
../data/Video_tracking/190922/20190922_121938174_2BEES_generated_20210913_085059_nn.csv; 5537095342118715238; 2023-03-16 02:16:55.093714; False; False; False; 50; 100; 70; 20; 50; 100; 120; 49; 0; 508; 200; 100;  50; [[0, 900], [0, 900]]; 625; 625; 458; 1; 0; 325; 300; 2; ;91 
91
../data/Video_tracking/190924/20190924_112217708_2BEES_generated_20210916_091354_nn.csv; 5537095342118715238; 2023-03-16 02:16:56.146158; False; False; False; 50; 100; 70; 20; 50; 100; 120; 49; 0; 508; 200; 100;  50; [[0, 900], [0, 900]]; 36; 36; 32; 0; 0; 30; 26; 2; ;92 
92
../data/Video_tracking/190924/20190924_122343640_2BEES_generated_20210914_092735_nn.csv; 5537095342118715238; 2023-03-16 02:16:58.142495; False; False; False; 50; 100; 70; 20; 50; 100; 120; 49; 0; 508; 200; 100;  50; [[0, 900], [0, 900]]; 418; 418; 246; 13; 0; 175; 162; 2; ;93 
93
../data/Video_tracking/190924/20190924_123434181_2BEES_generated_20210917_092643_nn.csv; 5537095342118715238; 2023-03-16 02:16:59.086380; True; False; False; 50; 100; 70; 20; 50; 100; 120; 49; 0; 508; 200; 100;  50; [[0, 900], [0, 900]]; 148; 148; 85; 2; 0; 80; 52; 2; ;94 
94
../data/Video_tracking/190925/20190925_133724029_2BEES_generated_20210923_080417_nn.csv; 5537095342118715238; 2023-03-16 02:17:00.148000; False; False; False; 50; 100; 70; 20; 50; 100; 120; 49; 0; 508; 200; 100;  50; [[0, 900], [0, 900]]; 54; 54; 44; 1; 0; 32; 25; 2; ;95 
95
../data/Video_tracking/190925/20190925_143533237_2BEES_generated_20210924_100804_nn.csv; 5537095342118715238; 2023-03-16 02:17:01.434141; True; False; False; 50; 100; 70; 20; 50; 100; 120; 49; 0; 508; 200; 100;  50; [[0, 900], [0, 900]]; 554; 554; 329; 28; 0; 37; 29; 2; ;96 
96
../data/Video_tracking/190925/20190925_102758971_2BEES_generated_20210921_074320_nn.csv; 5537095342118715238; 2023-03-16 02:17:02.711006; False; False; False; 50; 100; 70; 20; 50; 100; 120; 49; 0; 508; 200; 100;  50; [[0, 900], [0, 900]]; 43; 43; 37; 0; 0; 15; 12; 2; ;97 
97
../data/Video_tracking/190926/20190926_123223794_2BEES_generated_20210927_081758_nn.csv; 5537095342118715238; 2023-03-16 02:17:04.675975; False; False; False; 50; 100; 70; 20; 50; 100; 120; 49; 0; 508; 200; 100;  50; [[0, 900], [0, 900]]; 581; 581; 464; 23; 0; 139; 126; 2; ;98 
98
../data/Video_tracking/190926/20190926_154111693_2BEES_generated_20210927_091414_nn.csv; 5537095342118715238; 2023-03-16 02:17:05.711764; False; False; False; 50; 100; 70; 20; 50; 100; 120; 49; 0; 508; 200; 100;  50; [[0, 900], [0, 900]]; 18; 16; 13; 8; 0; 6; 5; 2; ;99 
99
../data/Video_tracking/190927/20190927_132217029_2BEES_generated_20211004_071921_nn.csv; 5537095342118715238; 2023-03-16 02:17:06.967684; False; False; False; 50; 100; 70; 20; 50; 100; 120; 49; 0; 508; 200; 100;  50; [[0, 900], [0, 900]]; 184; 179; 143; 3; 0; 21; 21; 2; ;100 
100
../data/Video_tracking/190927/20190927_143420053_2BEES_generated_20211006_092747_nn.csv; 5537095342118715238; 2023-03-16 02:17:08.119248; False; False; False; 50; 100; 70; 20; 50; 100; 120; 49; 0; 508; 200; 100;  50; [[0, 900], [0, 900]]; 51; 26; 23; 3; 0; 3; 2; 2; ;101 
101
../data/Video_tracking/190927/20190927_100233130_2BEES_generated_20210929_091856_nn.csv; 5537095342118715238; 2023-03-16 02:17:09.264979; False; False; False; 50; 100; 70; 20; 50; 100; 120; 49; 0; 508; 200; 100;  50; [[0, 900], [0, 900]]; 135; 120; 15; 0; 0; 8; 5; 2; ;102 
102
../data/Video_tracking/190928/20190928_123940860_2BEES_generated_20211008_095306_nn.csv; 5537095342118715238; 2023-03-16 02:17:10.544546; False; False; False; 50; 100; 70; 20; 50; 100; 120; 49; 0; 508; 200; 100;  50; [[0, 900], [0, 900]]; 169; 169; 95; 2; 0; 89; 73; 2; ;103 
103
../data/Video_tracking/190928/20190928_153817856_2BEES_generated_20211008_100947_nn.csv; 5537095342118715238; 2023-03-16 02:17:12.213461; False; False; False; 50; 100; 70; 20; 50; 100; 120; 49; 0; 508; 200; 100;  50; [[0, 900], [0, 900]]; 724; 724; 542; 48; 0; 58; 36; 2; ;104 
104
../data/Video_tracking/190928/20190928_111833804_2BEES_generated_20211007_085259_nn.csv; 5537095342118715238; 2023-03-16 02:17:13.580845; False; False; False; 50; 100; 70; 20; 50; 100; 120; 49; 0; 508; 200; 100;  50; [[0, 900], [0, 900]]; 306; 306; 197; 18; 0; 75; 71; 2; ;105 
105
../data/Video_tracking/190929/20190929_162730690_2BEES_generated_20211015_100752_nn.csv; 5537095342118715238; 2023-03-16 02:17:15.319781; False; False; False; 50; 100; 70; 20; 50; 100; 120; 49; 0; 508; 200; 100;  50; [[0, 900], [0, 900]]; 788; 788; 513; 50; 0; 72; 49; 2; ;106 
106
../data/Video_tracking/190929/20190929_125545491_2BEES_generated_20211012_100745_nn.csv; 5537095342118715238; 2023-03-16 02:17:16.197817; False; False; False; 50; 100; 70; 20; 50; 100; 120; 49; 0; 508; 200; 100;  50; [[0, 900], [0, 900]]; 19; 19; 17; 2; 0; 8; 7; 2; ;107 
107
../data/Video_tracking/190930/20190930_114339021_2BEES_generated_20211019_104420_nn.csv; 5537095342118715238; 2023-03-16 02:17:20.171469; False; False; False; 50; 100; 70; 20; 50; 100; 120; 49; 0; 508; 200; 100;  50; [[0, 900], [0, 900]]; 541; 541; 386; 8; 0; 342; 333; 2; ;108 
108
../data/Video_tracking/190930/20190930_150452483_2BEES_generated_20211018_104843_nn.csv; 5537095342118715238; 2023-03-16 02:17:21.234703; False; False; False; 50; 100; 70; 20; 50; 100; 120; 49; 0; 508; 200; 100;  50; [[0, 900], [0, 900]]; 121; 121; 66; 0; 0; 18; 16; 2; ;109 
109
../data/Video_tracking/190930/20190930_120228598_2BEES_generated_20211020_095955_nn.csv; 5537095342118715238; 2023-03-16 02:17:33.947253; False; False; False; 50; 100; 70; 20; 50; 100; 120; 49; 0; 508; 200; 100;  50; [[0, 900], [0, 900]]; 1302; 1302; 960; 51; 0; 583; 558; 2; ;110 
110
../data/Video_tracking/191001/20191001_115603481_2BEES_generated_20211026_103521_nn.csv; 5537095342118715238; 2023-03-16 02:17:35.562377; False; False; False; 50; 100; 70; 20; 50; 100; 120; 49; 0; 508; 200; 100;  50; [[0, 900], [0, 900]]; 529; 529; 268; 21; 0; 77; 57; 2; ;111 
111
../data/Video_tracking/191001/20191001_144417877_2BEES_generated_20211029_092222_nn.csv; 5537095342118715238; 2023-03-16 02:17:36.690516; True; False; False; 50; 100; 70; 20; 50; 100; 120; 49; 0; 508; 200; 100;  50; [[0, 900], [0, 900]]; 153; 153; 107; 2; 0; 64; 55; 2; ;112 
112
../data/Video_tracking/191002/20191002_140936347_2BEES_generated_20211221_093930_nn.csv; 5537095342118715238; 2023-03-16 02:17:38.231108; False; False; False; 50; 100; 70; 20; 50; 100; 120; 49; 0; 508; 200; 100;  50; [[0, 900], [0, 900]]; 157; 157; 134; 3; 0; 127; 98; 2; ;113 
113
../data/Video_tracking/191002/20191002_105500687_2BEES_generated_20211220_114055_nn.csv; 5537095342118715238; 2023-03-16 02:17:39.784528; False; False; False; 50; 100; 70; 20; 50; 100; 120; 49; 0; 508; 200; 100;  50; [[0, 900], [0, 900]]; 619; 619; 429; 142; 0; 65; 34; 2; ;114 
114
../data/Video_tracking/191002/20191002_143119090_2BEES_generated_20211221_111932_nn.csv; 5537095342118715238; 2023-03-16 02:17:40.752189; True; False; False; 50; 100; 70; 20; 50; 100; 120; 49; 0; 508; 200; 100;  50; [[0, 900], [0, 900]]; 98; 97; 20; 57; 0; 5; 4; 2; ;115 
115
../data/Video_tracking/191003/20191003_102832784_2BEES_generated_20220103_103753_nn.csv; 5537095342118715238; 2023-03-16 02:17:41.930129; False; False; False; 50; 100; 70; 20; 50; 100; 120; 49; 0; 508; 200; 100;  50; [[0, 900], [0, 900]]; 91; 91; 68; 1; 0; 64; 52; 2; ;116 
116
../data/Video_tracking/191003/20191003_132915716_2BEES_generated_20211222_105538_nn.csv; 5537095342118715238; 2023-03-16 02:17:43.165687; False; False; False; 50; 100; 70; 20; 50; 100; 120; 49; 0; 508; 200; 100;  50; [[0, 900], [0, 900]]; 89; 89; 74; 0; 0; 74; 63; 2; ;117 
117
../data/Video_tracking/191007/20191007_144544947_2BEES_generated_20220104_112017_nn.csv; 5537095342118715238; 2023-03-16 02:17:44.226894; False; False; False; 50; 100; 70; 20; 50; 100; 120; 49; 0; 508; 200; 100;  50; [[0, 900], [0, 900]]; 24; 24; 7; 0; 0; 6; 6; 2; ;118 
118
../data/Video_tracking/191007/20191007_122803196_2BEES_generated_20220104_101818_nn.csv; 5537095342118715238; 2023-03-16 02:17:45.275086; False; False; False; 50; 100; 70; 20; 50; 100; 120; 49; 0; 508; 200; 100;  50; [[0, 900], [0, 900]]; 37; 37; 28; 1; 0; 26; 24; 2; ;119 
119
../data/Video_tracking/191007/20191007_115433391_2BEES_generated_20220104_100304_nn.csv; 5537095342118715238; 2023-03-16 02:17:46.742033; False; False; False; 50; 100; 70; 20; 50; 100; 120; 49; 0; 508; 200; 100;  50; [[0, 900], [0, 900]]; 523; 523; 362; 4; 0; 51; 46; 2; ;120 
120
../data/Video_tracking/191008/20191008_153418530_2BEES_generated_20220107_080413_nn.csv; 5537095342118715238; 2023-03-16 02:17:48.211517; False; False; False; 50; 100; 70; 20; 50; 100; 120; 49; 0; 508; 200; 100;  50; [[0, 900], [0, 900]]; 336; 336; 222; 3; 0; 208; 195; 2; ;121 
121
../data/Video_tracking/191008/20191008_112936550_2BEES_generated_20220105_111045_nn.csv; 5537095342118715238; 2023-03-16 02:17:51.098395; False; False; False; 50; 100; 70; 20; 50; 100; 120; 49; 0; 508; 200; 100;  50; [[0, 900], [0, 900]]; 969; 969; 827; 116; 0; 192; 134; 2; ;122 
122
../data/Video_tracking/191008/20191008_163427285_2BEES_generated_20220107_090018_nn.csv; 5537095342118715238; 2023-03-16 02:17:52.227562; True; False; False; 50; 100; 70; 20; 50; 100; 120; 49; 0; 508; 200; 100;  50; [[0, 900], [0, 900]]; 86; 86; 64; 0; 0; 31; 18; 2; ;123 
123
../data/Video_tracking/191011/20191011_152233987_2BEES_generated_20220107_104708_nn.csv; 5537095342118715238; 2023-03-16 02:17:55.699354; True; False; False; 50; 100; 70; 20; 50; 100; 120; 49; 0; 508; 200; 100;  50; [[0, 900], [0, 900]]; 825; 825; 611; 74; 0; 243; 232; 2; ;124 
124
../data/Video_tracking/191011/20191011_141916327_2BEES_generated_20220107_095706_nn.csv; 5537095342118715238; 2023-03-16 02:17:57.408997; False; False; False; 50; 100; 70; 20; 50; 100; 120; 49; 0; 508; 200; 100;  50; [[0, 900], [0, 900]]; 240; 240; 179; 1; 0; 140; 117; 2; ;125 
125
../data/Video_tracking/191014/20191014_172842098_2BEES_generated_20220111_104227_nn.csv; 5537095342118715238; 2023-03-16 02:17:58.560186; False; False; False; 50; 100; 70; 20; 50; 100; 120; 49; 0; 508; 200; 100;  50; [[0, 900], [0, 900]]; 64; 64; 31; 10; 0; 13; 10; 2; ;126 
126
../data/Video_tracking/191014/20191014_162334757_2BEES_generated_20220110_083827_nn.csv; 5537095342118715238; 2023-03-16 02:17:59.715886; False; False; False; 50; 100; 70; 20; 50; 100; 120; 49; 0; 508; 200; 100;  50; [[0, 900], [0, 900]]; 70; 70; 44; 5; 0; 23; 22; 2; ;127 
127
../data/Video_tracking/191016/20191016_133611699_2BEES_generated_20220118_100833_nn.csv; 5537095342118715238; 2023-03-16 02:18:00.787021; False; False; False; 50; 100; 70; 20; 50; 100; 120; 49; 0; 508; 200; 100;  50; [[0, 900], [0, 900]]; 78; 78; 49; 6; 0; 40; 29; 2; ;128 
128
../data/Video_tracking/191016/20191016_171520886_2BEES_generated_20220120_075538_nn.csv; 5537095342118715238; 2023-03-16 02:18:02.145966; False; False; False; 50; 100; 70; 20; 50; 100; 120; 49; 0; 508; 200; 100;  50; [[0, 900], [0, 900]]; 396; 396; 232; 64; 0; 71; 64; 2; ;129 
129
../data/Video_tracking/191016/20191016_163301329_2BEES_generated_20220119_104052_nn.csv; 5537095342118715238; 2023-03-16 02:18:03.280785; False; False; False; 50; 100; 70; 20; 50; 100; 120; 49; 0; 508; 200; 100;  50; [[0, 900], [0, 900]]; 141; 141; 104; 9; 0; 53; 48; 2; ;130 
130
../data/Video_tracking/191016/20191016_131135997_2BEES_generated_20220118_100012_nn.csv; 5537095342118715238; 2023-03-16 02:18:04.569444; False; False; False; 50; 100; 70; 20; 50; 100; 120; 49; 0; 508; 200; 100;  50; [[0, 900], [0, 900]]; 138; 138; 119; 3; 0; 93; 84; 2; ;131 
131
../data/Video_tracking/191016/20191016_122105848_2BEES_generated_20220113_080621_nn.csv; 5537095342118715238; 2023-03-16 02:18:05.673979; False; False; False; 50; 100; 70; 20; 50; 100; 120; 49; 0; 508; 200; 100;  50; [[0, 900], [0, 900]]; 167; 167; 91; 1; 0; 80; 78; 2; ;132 
132
../data/Video_tracking/191016/20191016_154420868_2BEES_generated_20220118_102934_nn.csv; 5537095342118715238; 2023-03-16 02:18:07.069111; False; False; False; 50; 100; 70; 20; 50; 100; 120; 49; 0; 508; 200; 100;  50; [[0, 900], [0, 900]]; 184; 184; 118; 7; 0; 77; 69; 2; ;133 
133
../data/Video_tracking/191017/20191017_164812357_2BEES_generated_20220125_075409_nn.csv; 5537095342118715238; 2023-03-16 02:18:08.199706; False; False; False; 50; 100; 70; 20; 50; 100; 120; 49; 0; 508; 200; 100;  50; [[0, 900], [0, 900]]; 113; 113; 73; 12; 0; 48; 43; 2; ;134 
134
../data/Video_tracking/191017/20191017_174407911_2BEES_generated_20220125_081624_nn.csv; 5537095342118715238; 2023-03-16 02:18:09.717771; False; False; False; 50; 100; 70; 20; 50; 100; 120; 49; 0; 508; 200; 100;  50; [[0, 900], [0, 900]]; 468; 468; 281; 21; 0; 89; 82; 2; ;135 
135
../data/Video_tracking/190822/20190822_144547243_5BEE_generated_20210504_081238_nn.csv; 5537095342118715238; 2023-03-16 02:18:16.988919; False; False; False; 50; 100; 70; 20; 50; 100; 120; 49; 0; 508; 200; 100;  50; [[0, 900], [0, 900]]; 526; 526; 396; 9; 0; 308; 243; 5; ;136 
136
../data/Video_tracking/190822/20190822_114441236_5BEE_generated_20210503_090128_nn.csv; 5537095342118715238; 2023-03-16 02:18:43.083572; False; False; False; 50; 100; 70; 20; 50; 100; 120; 49; 0; 508; 200; 100;  50; [[0, 900], [0, 900]]; 1416; 1416; 1085; 11; 0; 925; 810; 5; ;137 
137
../data/Video_tracking/190823/20190823_155506355_5BEES_generated_20210507_092606_nn.csv; 5537095342118715238; 2023-03-16 02:18:48.318928; True; False; False; 50; 100; 70; 20; 50; 100; 120; 49; 0; 508; 200; 100;  50; [[0, 900], [0, 900]]; 393; 393; 263; 1; 0; 252; 166; 5; ;138 
138
../data/Video_tracking/190823/20190823_121326323_5BEES_generated_20210505_103301_nn.csv; 5537095342118715238; 2023-03-16 02:18:55.280982; False; False; False; 50; 100; 70; 20; 50; 100; 120; 49; 0; 508; 200; 100;  50; [[0, 900], [0, 900]]; 987; 987; 785; 140; 0; 195; 149; 5; ;139 
139
../data/Video_tracking/190903/20190903_123857257_5BEES_generated_20210518_100530_nn.csv; 5537095342118715238; 2023-03-16 02:19:02.126829; False; False; False; 50; 100; 70; 20; 50; 100; 120; 49; 0; 508; 200; 100;  50; [[0, 900], [0, 900]]; 617; 617; 478; 41; 0; 419; 269; 5; ;140 
140
../data/Video_tracking/190903/20190903_163604204_5BEES_generated_20210518_101800_nn.csv; 5537095342118715238; 2023-03-16 02:19:21.203813; False; False; False; 50; 100; 70; 20; 50; 100; 120; 49; 0; 508; 200; 100;  50; [[0, 900], [0, 900]]; 1019; 1019; 717; 7; 0; 625; 566; 5; ;141 
141
../data/Video_tracking/190904/20190904_114931998_5BEES_generated_20210521_070732_nn.csv; 5537095342118715238; 2023-03-16 02:19:36.889529; False; False; False; 50; 100; 70; 20; 50; 100; 120; 49; 0; 508; 200; 100;  50; [[0, 900], [0, 900]]; 1342; 1342; 901; 8; 0; 483; 434; 5; ;142 
142
../data/Video_tracking/190904/20190904_160843461_5BEES_generated_20210521_105526_nn.csv; 5537095342118715238; 2023-03-16 02:19:45.729300; True; False; False; 50; 100; 70; 20; 50; 100; 120; 49; 0; 508; 200; 100;  50; [[0, 900], [0, 900]]; 822; 822; 566; 43; 0; 409; 372; 5; ;143 
143
../data/Video_tracking/190905/20190905_103753565_5BEES_generated_20210526_083605_nn.csv; 5537095342118715238; 2023-03-16 02:20:16.909304; False; False; False; 50; 100; 70; 20; 50; 100; 120; 49; 0; 508; 200; 100;  50; [[0, 900], [0, 900]]; 1101; 1101; 886; 11; 0; 802; 688; 5; ;144 
144
../data/Video_tracking/190906/20190906_143609641_5BEES_generated_20210528_110432_nn.csv; 5537095342118715238; 2023-03-16 02:20:20.696367; False; False; False; 50; 100; 70; 20; 50; 100; 120; 49; 0; 508; 200; 100;  50; [[0, 900], [0, 900]]; 328; 328; 258; 10; 0; 111; 82; 5; ;145 
145
../data/Video_tracking/190916/20190916_124925687_5BEES_generated_20210609_101547_nn.csv; 5537095342118715238; 2023-03-16 02:20:25.732337; True; False; False; 50; 100; 70; 20; 50; 100; 120; 49; 0; 508; 200; 100;  50; [[0, 900], [0, 900]]; 548; 548; 373; 16; 0; 202; 176; 5; ;146 
146
../data/Video_tracking/190916/20190916_151445887_5BEES_generated_20210611_081733_nn.csv; 5537095342118715238; 2023-03-16 02:20:35.019489; True; False; False; 50; 100; 70; 20; 50; 100; 120; 49; 0; 508; 200; 100;  50; [[0, 900], [0, 900]]; 1015; 1015; 888; 151; 0; 346; 245; 5; ;147 
147
../data/Video_tracking/190916/20190916_113158422_5BEES_generated_20210608_081108_nn.csv; 5537095342118715238; 2023-03-16 02:21:04.909284; True; False; False; 50; 100; 70; 20; 50; 100; 120; 49; 0; 508; 200; 100;  50; [[0, 900], [0, 900]]; 1434; 1433; 1007; 30; 0; 707; 656; 5; ;148 
148
../data/Video_tracking/190917/20190917_114532886_5BEES_generated_20210902_081441_nn.csv; 5537095342118715238; 2023-03-16 02:21:13.870987; False; False; False; 50; 100; 70; 20; 50; 100; 120; 49; 0; 508; 200; 100;  50; [[0, 900], [0, 900]]; 1414; 1414; 1038; 65; 0; 253; 168; 5; ;149 
149
../data/Video_tracking/190917/20190917_160849711_5BEES_generated_20210906_082822_nn.csv; 5537095342118715238; 2023-03-16 02:21:23.401345; False; False; False; 50; 100; 70; 20; 50; 100; 120; 49; 0; 508; 200; 100;  50; [[0, 900], [0, 900]]; 866; 866; 536; 26; 0; 370; 316; 5; ;150 
150
../data/Video_tracking/190917/20190917_154522776_5BEES_generated_20210906_082408_nn.csv; 5537095342118715238; 2023-03-16 02:21:29.973786; False; False; False; 50; 100; 70; 20; 50; 100; 120; 49; 0; 508; 200; 100;  50; [[0, 900], [0, 900]]; 459; 459; 383; 3; 0; 319; 235; 5; ;151 
151
../data/Video_tracking/190917/20190917_112136007_5BEES_generated_20210902_080346_nn.csv; 5537095342118715238; 2023-03-16 02:21:44.019913; False; False; False; 50; 100; 70; 20; 50; 100; 120; 49; 0; 508; 200; 100;  50; [[0, 900], [0, 900]]; 836; 836; 616; 7; 0; 519; 431; 5; ;152 
152
../data/Video_tracking/190918/20190918_114551738_5BEES_generated_20210907_085114_nn.csv; 5537095342118715238; 2023-03-16 02:21:52.012845; False; False; False; 50; 100; 70; 20; 50; 100; 120; 49; 0; 508; 200; 100;  50; [[0, 900], [0, 900]]; 466; 466; 365; 1; 0; 270; 226; 5; ;153 
153
../data/Video_tracking/190918/20190918_120819051_5BEES_generated_20210907_085557_nn.csv; 5537095342118715238; 2023-03-16 02:21:56.109028; False; False; False; 50; 100; 70; 20; 50; 100; 120; 49; 0; 508; 200; 100;  50; [[0, 900], [0, 900]]; 366; 366; 287; 3; 0; 208; 158; 5; ;154 
154
../data/Video_tracking/190919/20190919_145642660_5BEES_generated_20210909_084740_nn.csv; 5537095342118715238; 2023-03-16 02:22:04.797467; False; False; False; 50; 100; 70; 20; 50; 100; 120; 49; 0; 508; 200; 100;  50; [[0, 900], [0, 900]]; 702; 702; 578; 15; 0; 350; 260; 5; ;155 
155
../data/Video_tracking/190919/20190919_112617498_5BEES_generated_20210908_085446_nn.csv; 5537095342118715238; 2023-03-16 02:22:25.193295; False; False; False; 50; 100; 70; 20; 50; 100; 120; 49; 0; 508; 200; 100;  50; [[0, 900], [0, 900]]; 1697; 1697; 1444; 239; 0; 583; 368; 5; ;156 
156
../data/Video_tracking/190920/20190920_114320364_5BEES_generated_20210910_074848_nn.csv; 5537095342118715238; 2023-03-16 02:22:30.851603; False; False; False; 50; 100; 70; 20; 50; 100; 120; 49; 0; 508; 200; 100;  50; [[0, 900], [0, 900]]; 265; 265; 215; 6; 0; 168; 135; 5; ;157 
157
../data/Video_tracking/190920/20190920_152130894_5BEES_generated_20210910_085916_nn.csv; 5537095342118715238; 2023-03-16 02:22:40.111566; False; False; False; 50; 100; 70; 20; 50; 100; 120; 49; 0; 508; 200; 100;  50; [[0, 900], [0, 900]]; 649; 649; 511; 6; 0; 378; 315; 5; ;158 
158
../data/Video_tracking/190922/20190922_162519839_5BEES_generated_20210913_102458_nn.csv; 5537095342118715238; 2023-03-16 02:23:13.879322; False; False; False; 50; 100; 70; 20; 50; 100; 120; 49; 0; 508; 200; 100;  50; [[0, 900], [0, 900]]; 2167; 2167; 1557; 24; 0; 711; 670; 5; ;159 
159
../data/Video_tracking/190922/20190922_123119233_5BEES_generated_20210913_090143_nn.csv; 5537095342118715238; 2023-03-16 02:23:20.365099; False; False; False; 50; 100; 70; 20; 50; 100; 120; 49; 0; 508; 200; 100;  50; [[0, 900], [0, 900]]; 434; 434; 339; 9; 0; 266; 199; 5; ;160 
160
../data/Video_tracking/190922/20190922_170407464_5BEES_generated_20210913_105016_nn.csv; 5537095342118715238; 2023-03-16 02:23:28.010258; False; False; False; 50; 100; 70; 20; 50; 100; 120; 49; 0; 508; 200; 100;  50; [[0, 900], [0, 900]]; 790; 790; 587; 22; 0; 389; 332; 5; ;161 
161
../data/Video_tracking/190924/20190924_155725679_5BEES_generated_20210917_100221_nn.csv; 5537095342118715238; 2023-03-16 02:23:32.462592; False; False; False; 50; 100; 70; 20; 50; 100; 120; 49; 0; 508; 200; 100;  50; [[0, 900], [0, 900]]; 285; 285; 234; 2; 0; 225; 169; 5; ;162 
162
../data/Video_tracking/190924/20190924_113338700_5BEES_generated_20210914_101003_nn.csv; 5537095342118715238; 2023-03-16 02:24:39.269097; False; False; False; 50; 100; 70; 20; 50; 100; 120; 49; 0; 508; 200; 100;  50; [[0, 900], [0, 900]]; 1897; 1897; 1338; 20; 0; 1149; 1075; 5; ;163 
163
../data/Video_tracking/190925/20190925_134854595_5BEES_generated_20210924_083726_nn.csv; 5537095342118715238; 2023-03-16 02:24:49.332466; False; False; False; 50; 100; 70; 20; 50; 100; 120; 49; 0; 508; 200; 100;  50; [[0, 900], [0, 900]]; 1493; 1493; 1291; 295; 0; 265; 192; 5; ;164 
164
../data/Video_tracking/190925/20190925_112612419_5BEES_generated_20210924_083010_nn.csv; 5537095342118715238; 2023-03-16 02:24:57.582535; False; False; False; 50; 100; 70; 20; 50; 100; 120; 49; 0; 508; 200; 100;  50; [[0, 900], [0, 900]]; 492; 492; 369; 4; 0; 264; 210; 5; ;165 
165
../data/Video_tracking/190925/20190925_103938051_5BEES_generated_20210921_075443_nn.csv; 5537095342118715238; 2023-03-16 02:25:04.754123; False; False; False; 50; 100; 70; 20; 50; 100; 120; 49; 0; 508; 200; 100;  50; [[0, 900], [0, 900]]; 734; 734; 548; 8; 0; 370; 298; 5; ;166 
166
../data/Video_tracking/190926/20190926_124309395_5BEES_generated_20210927_082242_nn.csv; 5537095342118715238; 2023-03-16 02:25:11.532303; False; False; False; 50; 100; 70; 20; 50; 100; 120; 49; 0; 508; 200; 100;  50; [[0, 900], [0, 900]]; 547; 547; 397; 11; 0; 295; 226; 5; ;167 
167
../data/Video_tracking/190926/20190926_155223608_5BEES_generated_20210927_093159_nn.csv; 5537095342118715238; 2023-03-16 02:25:15.892646; False; False; False; 50; 100; 70; 20; 50; 100; 120; 49; 0; 508; 200; 100;  50; [[0, 900], [0, 900]]; 294; 294; 240; 11; 0; 134; 93; 5; ;168 
168
../data/Video_tracking/190926/20190926_132749818_5BEES_generated_20210927_090107_nn.csv; 5537095342118715238; 2023-03-16 02:25:26.032175; False; False; False; 50; 100; 70; 20; 50; 100; 120; 49; 0; 508; 200; 100;  50; [[0, 900], [0, 900]]; 623; 623; 495; 7; 0; 393; 331; 5; ;169 
169
../data/Video_tracking/190927/20190927_101404167_5BEES_generated_20210929_092615_nn.csv; 5537095342118715238; 2023-03-16 02:25:35.283602; False; False; False; 50; 100; 70; 20; 50; 100; 120; 49; 0; 508; 200; 100;  50; [[0, 900], [0, 900]]; 1428; 1428; 1078; 98; 0; 311; 263; 5; ;170 
170
../data/Video_tracking/190927/20190927_133332371_5BEES_generated_20211004_102602_nn.csv; 5537095342118715238; 2023-03-16 02:25:55.163919; False; False; False; 50; 100; 70; 20; 50; 100; 120; 49; 0; 508; 200; 100;  50; [[0, 900], [0, 900]]; 986; 986; 779; 24; 0; 581; 477; 5; ;171 
171
../data/Video_tracking/190928/20190928_154847464_5BEES_generated_20211008_101525_nn.csv; 5537095342118715238; 2023-03-16 02:26:01.629053; False; False; False; 50; 100; 70; 20; 50; 100; 120; 49; 0; 508; 200; 100;  50; [[0, 900], [0, 900]]; 549; 549; 409; 17; 0; 348; 289; 5; ;172 
172
../data/Video_tracking/190928/20190928_112914182_5BEES_generated_20211007_090731_nn.csv; 5537095342118715238; 2023-03-16 02:26:09.309173; False; False; False; 50; 100; 70; 20; 50; 100; 120; 49; 0; 508; 200; 100;  50; [[0, 900], [0, 900]]; 479; 479; 375; 2; 0; 341; 279; 5; ;173 
173
../data/Video_tracking/190929/20190929_112828476_5BEES_generated_20211012_091617_nn.csv; 5537095342118715238; 2023-03-16 02:26:28.271253; False; False; False; 50; 100; 70; 20; 50; 100; 120; 49; 0; 508; 200; 100;  50; [[0, 900], [0, 900]]; 1307; 1307; 1161; 8; 0; 507; 444; 5; ;174 
174
../data/Video_tracking/190929/20190929_130356796_5BEES_generated_20211012_105136_nn.csv; 5537095342118715238; 2023-03-16 02:26:34.510485; False; False; False; 50; 100; 70; 20; 50; 100; 120; 49; 0; 508; 200; 100;  50; [[0, 900], [0, 900]]; 558; 558; 435; 2; 0; 340; 275; 5; ;175 
175
../data/Video_tracking/190930/20190930_151542123_5BEES_generated_20211021_091655_nn.csv; 5537095342118715238; 2023-03-16 02:26:41.483189; False; False; False; 50; 100; 70; 20; 50; 100; 120; 49; 0; 508; 200; 100;  50; [[0, 900], [0, 900]]; 1386; 616; 437; 5; 0; 356; 243; 5; ;176 
176
../data/Video_tracking/190930/20190930_140834155_5BEES_generated_20211020_104342_nn.csv; 5537095342118715238; 2023-03-16 02:26:49.503902; True; False; False; 50; 100; 70; 20; 50; 100; 120; 49; 0; 508; 200; 100;  50; [[0, 900], [0, 900]]; 834; 834; 687; 17; 0; 270; 247; 5; ;177 
177
../data/Video_tracking/190930/20190930_104322704_5BEES_generated_20211019_090528_nn.csv; 5537095342118715238; 2023-03-16 02:26:55.947798; False; False; False; 50; 100; 70; 20; 50; 100; 120; 49; 0; 508; 200; 100;  50; [[0, 900], [0, 900]]; 852; 852; 619; 60; 0; 269; 175; 5; ;178 
178
../data/Video_tracking/191001/20191001_120735689_5BEES_generated_20211028_091356_nn.csv; 5537095342118715238; 2023-03-16 02:27:02.180849; False; False; False; 50; 100; 70; 20; 50; 100; 120; 49; 0; 508; 200; 100;  50; [[0, 900], [0, 900]]; 1092; 1092; 729; 18; 0; 224; 165; 5; ;179 
179
../data/Video_tracking/191001/20191001_145518021_5BEES_generated_20211029_092528_nn.csv; 5537095342118715238; 2023-03-16 02:27:13.380906; False; False; False; 50; 100; 70; 20; 50; 100; 120; 49; 0; 508; 200; 100;  50; [[0, 900], [0, 900]]; 1254; 1254; 773; 12; 0; 484; 443; 5; ;180 
180
../data/Video_tracking/191002/20191002_142032986_5BEES_generated_20211221_094249_nn.csv; 5537095342118715238; 2023-03-16 02:27:18.661468; False; False; False; 50; 100; 70; 20; 50; 100; 120; 49; 0; 508; 200; 100;  50; [[0, 900], [0, 900]]; 524; 524; 423; 7; 0; 294; 219; 5; ;181 
181
../data/Video_tracking/191002/20191002_111706536_5BEES_generated_20211221_081534_nn.csv; 5537095342118715238; 2023-03-16 02:27:24.877780; False; False; False; 50; 100; 70; 20; 50; 100; 120; 49; 0; 508; 200; 100;  50; [[0, 900], [0, 900]]; 444; 442; 336; 24; 0; 269; 219; 5; ;182 
182
../data/Video_tracking/191002/20191002_110612551_5BEES_generated_20211220_114435_nn.csv; 5537095342118715238; 2023-03-16 02:27:29.328441; False; False; False; 50; 100; 70; 20; 50; 100; 120; 49; 0; 508; 200; 100;  50; [[0, 900], [0, 900]]; 436; 436; 331; 1; 0; 260; 208; 5; ;183 
183
../data/Video_tracking/191003/20191003_103917347_5BEES_generated_20220103_105438_nn.csv; 5537095342118715238; 2023-03-16 02:28:07.335222; True; False; False; 50; 100; 70; 20; 50; 100; 120; 49; 0; 508; 200; 100;  50; [[0, 900], [0, 900]]; 1417; 1409; 936; 41; 0; 860; 741; 5; ;184 
184
../data/Video_tracking/191007/20191007_145646554_5BEES_generated_20220105_090348_nn.csv; 5537095342118715238; 2023-03-16 02:28:13.551928; False; False; False; 50; 100; 70; 20; 50; 100; 120; 49; 0; 508; 200; 100;  50; [[0, 900], [0, 900]]; 1120; 1120; 806; 157; 0; 138; 102; 5; ;185 
185
../data/Video_tracking/191007/20191007_120518095_5BEES_generated_20220104_100559_nn.csv; 5537095342118715238; 2023-03-16 02:28:19.332851; False; False; False; 50; 100; 70; 20; 50; 100; 120; 49; 0; 508; 200; 100;  50; [[0, 900], [0, 900]]; 642; 642; 464; 13; 0; 258; 213; 5; ;186 
186
../data/Video_tracking/191008/20191008_114125349_5BEES_generated_20220105_113930_nn.csv; 5537095342118715238; 2023-03-16 02:28:24.235522; False; False; False; 50; 100; 70; 20; 50; 100; 120; 49; 0; 508; 200; 100;  50; [[0, 900], [0, 900]]; 416; 416; 332; 3; 0; 265; 204; 5; ;187 
187
../data/Video_tracking/191008/20191008_154602285_5BEES_generated_20220107_081659_nn.csv; 5537095342118715238; 2023-03-16 02:28:32.995668; False; False; False; 50; 100; 70; 20; 50; 100; 120; 49; 0; 508; 200; 100;  50; [[0, 900], [0, 900]]; 518; 518; 365; 16; 0; 298; 235; 5; ;188 
188
../data/Video_tracking/191011/20191011_143312165_5BEES_generated_20220107_101757_nn.csv; 5537095342118715238; 2023-03-16 02:28:47.109493; False; False; False; 50; 100; 70; 20; 50; 100; 120; 49; 0; 508; 200; 100;  50; [[0, 900], [0, 900]]; 1212; 1212; 890; 37; 0; 595; 521; 5; ;189 
189
../data/Video_tracking/191014/20191014_163535092_5BEES_generated_20220110_112801_nn.csv; 5537095342118715238; 2023-03-16 02:28:53.721428; False; False; False; 50; 100; 70; 20; 50; 100; 120; 49; 0; 508; 200; 100;  50; [[0, 900], [0, 900]]; 430; 430; 330; 15; 0; 238; 217; 5; ;190 
190
../data/Video_tracking/191017/20191017_170435649_5BEES_generated_20220125_080034_nn.csv; 5537095342118715238; 2023-03-16 02:29:03.571296; False; False; False; 50; 100; 70; 20; 50; 100; 120; 49; 0; 508; 200; 100;  50; [[0, 900], [0, 900]]; 1621; 1621; 1294; 87; 0; 281; 232; 5; ;191 
191
../data/Video_tracking/190822/20190822_115819107_7BEE_generated_20210504_064122_nn.csv; 5537095342118715238; 2023-03-16 02:29:13.610365; True; False; False; 50; 100; 70; 20; 50; 100; 120; 49; 0; 508; 200; 100;  50; [[0, 900], [0, 900]]; 701; 701; 499; 16; 0; 376; 289; 7; ;192 
192
../data/Video_tracking/190823/20190823_124111790_7BEES_generated_20210507_070601_nn.csv; 5537095342118715238; 2023-03-16 02:29:21.045078; True; False; False; 50; 100; 70; 20; 50; 100; 120; 49; 0; 508; 200; 100;  50; [[0, 900], [0, 900]]; 477; 473; 357; 3; 0; 236; 192; 7; ;193 
193
../data/Video_tracking/190823/20190823_161115188_7BEES_generated_20210507_093529_nn.csv; 5537095342118715238; 2023-03-16 02:29:33.638921; True; False; False; 50; 100; 70; 20; 50; 100; 120; 49; 0; 508; 200; 100;  50; [[0, 900], [0, 900]]; 895; 895; 632; 23; 0; 404; 354; 7; ;194 
194
../data/Video_tracking/190903/20190903_164946455_7BEES_generated_20210520_072655_nn.csv; 5537095342118715238; 2023-03-16 02:30:30.852718; False; False; False; 50; 100; 70; 20; 50; 100; 120; 49; 0; 508; 200; 100;  50; [[0, 900], [0, 900]]; 1581; 1581; 1249; 28; 0; 966; 884; 7; ;195 
195
../data/Video_tracking/190903/20190903_125405366_7BEES_generated_20210511_101622_nn.csv; 5537095342118715238; 2023-03-16 02:32:00.620945; True; False; False; 50; 100; 70; 20; 50; 100; 120; 49; 0; 508; 200; 100;  50; [[0, 900], [0, 900]]; 1787; 1787; 1450; 55; 0; 1260; 1081; 7; ;196 
196
../data/Video_tracking/190904/20190904_120427978_7BEES_generated_20210520_094906_nn.csv; 5537095342118715238; 2023-03-16 02:32:16.175558; False; False; False; 50; 100; 70; 20; 50; 100; 120; 49; 0; 508; 200; 100;  50; [[0, 900], [0, 900]]; 588; 588; 510; 2; 0; 438; 344; 7; ;197 
197
../data/Video_tracking/190904/20190904_162106341_7BEES_generated_20210525_094920_nn.csv; 5537095342118715238; 2023-03-16 02:32:29.117059; True; False; False; 50; 100; 70; 20; 50; 100; 120; 49; 0; 508; 200; 100;  50; [[0, 900], [0, 900]]; 519; 519; 435; 14; 0; 406; 318; 7; ;198 
198
../data/Video_tracking/190905/20190905_105024299_7BEES_generated_20210527_095135_nn.csv; 5537095342118715238; 2023-03-16 02:32:41.803922; False; False; False; 50; 100; 70; 20; 50; 100; 120; 49; 0; 508; 200; 100;  50; [[0, 900], [0, 900]]; 487; 487; 413; 12; 0; 331; 251; 7; ;199 
199
../data/Video_tracking/190906/20190906_160755199_7BEES_generated_20210607_103715_nn.csv; 5537095342118715238; 2023-03-16 02:33:22.238635; True; False; False; 50; 100; 70; 20; 50; 100; 120; 49; 0; 508; 200; 100;  50; [[0, 900], [0, 900]]; 1961; 1961; 1602; 41; 0; 697; 602; 7; ;200 
200
../data/Video_tracking/190906/20190906_144808288_7BEES_generated_20210601_065020_nn.csv; 5537095342118715238; 2023-03-16 02:34:16.435983; False; False; False; 50; 100; 70; 20; 50; 100; 120; 49; 0; 508; 200; 100;  50; [[0, 900], [0, 900]]; 1641; 1641; 1312; 38; 0; 937; 822; 7; ;201 
201
../data/Video_tracking/190916/20190916_114706187_7BEES_generated_20210608_083833_nn.csv; 5537095342118715238; 2023-03-16 02:34:44.519619; True; False; False; 50; 100; 70; 20; 50; 100; 120; 49; 0; 508; 200; 100;  50; [[0, 900], [0, 900]]; 1045; 1045; 783; 9; 0; 633; 538; 7; ;202 
202
../data/Video_tracking/190916/20190916_152713294_7BEES_generated_20210611_093450_nn.csv; 5537095342118715238; 2023-03-16 02:35:02.734719; False; False; False; 50; 100; 70; 20; 50; 100; 120; 49; 0; 508; 200; 100;  50; [[0, 900], [0, 900]]; 1008; 1008; 819; 41; 0; 347; 240; 7; ;203 
203
../data/Video_tracking/190917/20190917_144741012_7BEES_generated_20210903_084740_nn.csv; 5537095342118715238; 2023-03-16 02:35:11.417085; False; False; False; 50; 100; 70; 20; 50; 100; 120; 49; 0; 508; 200; 100;  50; [[0, 900], [0, 900]]; 623; 623; 494; 20; 0; 226; 85; 7; ;204 
204
../data/Video_tracking/190917/20190917_101841919_7BEES_generated_20210802_103203_nn.csv; 5537095342118715238; 2023-03-16 02:35:41.558995; False; False; False; 50; 100; 70; 20; 50; 100; 120; 49; 0; 508; 200; 100;  50; [[0, 900], [0, 900]]; 2032; 2032; 1775; 56; 0; 534; 392; 7; ;205 
205
../data/Video_tracking/190917/20190917_113355567_7BEES_generated_20210902_080817_nn.csv; 5537095342118715238; 2023-03-16 02:35:59.529223; False; False; False; 50; 100; 70; 20; 50; 100; 120; 49; 0; 508; 200; 100;  50; [[0, 900], [0, 900]]; 879; 879; 765; 8; 0; 491; 382; 7; ;206 
206
../data/Video_tracking/190918/20190918_103136704_7BEES_generated_20210907_080630_nn.csv; 5537095342118715238; 2023-03-16 02:36:24.430064; False; False; False; 50; 100; 70; 20; 50; 100; 120; 49; 0; 508; 200; 100;  50; [[0, 900], [0, 900]]; 1448; 1448; 1225; 154; 0; 394; 239; 7; ;207 
207
../data/Video_tracking/190919/20190919_150757868_7BEES_generated_20210909_085206_nn.csv; 5537095342118715238; 2023-03-16 02:36:37.749121; False; False; False; 50; 100; 70; 20; 50; 100; 120; 49; 0; 508; 200; 100;  50; [[0, 900], [0, 900]]; 578; 578; 469; 9; 0; 368; 286; 7; ;208 
208
../data/Video_tracking/190920/20190920_153621158_7BEES_generated_20210910_090227_nn.csv; 5537095342118715238; 2023-03-16 02:36:54.444817; False; False; False; 50; 100; 70; 20; 50; 100; 120; 49; 0; 508; 200; 100;  50; [[0, 900], [0, 900]]; 1128; 1128; 846; 20; 0; 559; 472; 7; ;209 
209
../data/Video_tracking/190920/20190920_115510532_7BEES_generated_20210910_075313_nn.csv; 5537095342118715238; 2023-03-16 02:38:00.195101; False; False; False; 50; 100; 70; 20; 50; 100; 120; 49; 0; 508; 200; 100;  50; [[0, 900], [0, 900]]; 1986; 1986; 1540; 33; 0; 982; 793; 7; ;210 
210
../data/Video_tracking/190922/20190922_124337481_7BEES_generated_20210913_090812_nn.csv; 5537095342118715238; 2023-03-16 02:38:36.504115; False; False; False; 50; 100; 70; 20; 50; 100; 120; 49; 0; 508; 200; 100;  50; [[0, 900], [0, 900]]; 1829; 1829; 1539; 213; 0; 590; 375; 7; ;211 
211
../data/Video_tracking/190922/20190922_163734553_7BEES_generated_20210913_103924_nn.csv; 5537095342118715238; 2023-03-16 02:38:58.700318; False; False; False; 50; 100; 70; 20; 50; 100; 120; 49; 0; 508; 200; 100;  50; [[0, 900], [0, 900]]; 1316; 1316; 1016; 26; 0; 630; 485; 7; ;212 
212
../data/Video_tracking/190924/20190924_120836685_7BEES_generated_20210917_090547_nn.csv; 5537095342118715238; 2023-03-16 02:39:25.099107; True; False; False; 50; 100; 70; 20; 50; 100; 120; 49; 0; 508; 200; 100;  50; [[0, 900], [0, 900]]; 1242; 1242; 1031; 12; 0; 570; 500; 7; ;213 
213
../data/Video_tracking/190924/20190924_160900567_7BEES_generated_20210917_100948_nn.csv; 5537095342118715238; 2023-03-16 02:39:40.250724; True; False; False; 50; 100; 70; 20; 50; 100; 120; 49; 0; 508; 200; 100;  50; [[0, 900], [0, 900]]; 978; 977; 760; 16; 0; 482; 414; 7; ;214 
214
../data/Video_tracking/190924/20190924_114532177_7BEES_generated_20210917_080433_nn.csv; 5537095342118715238; 2023-03-16 02:39:53.603673; False; False; False; 50; 100; 70; 20; 50; 100; 120; 49; 0; 508; 200; 100;  50; [[0, 900], [0, 900]]; 649; 649; 531; 9; 0; 494; 386; 7; ;215 
215
../data/Video_tracking/190925/20190925_140057430_7BEES_generated_20210924_084455_nn.csv; 5537095342118715238; 2023-03-16 02:40:05.209328; False; False; False; 50; 100; 70; 20; 50; 100; 120; 49; 0; 508; 200; 100;  50; [[0, 900], [0, 900]]; 580; 580; 477; 4; 0; 397; 294; 7; ;216 
216
../data/Video_tracking/190925/20190925_105112451_7BEES_generated_20210923_075138_nn.csv; 5537095342118715238; 2023-03-16 02:40:29.995366; False; False; False; 50; 100; 70; 20; 50; 100; 120; 49; 0; 508; 200; 100;  50; [[0, 900], [0, 900]]; 984; 984; 669; 11; 0; 608; 521; 7; ;217 
217
../data/Video_tracking/190926/20190926_125410450_7BEES_generated_20210927_085009_nn.csv; 5537095342118715238; 2023-03-16 02:40:45.235473; False; False; False; 50; 100; 70; 20; 50; 100; 120; 49; 0; 508; 200; 100;  50; [[0, 900], [0, 900]]; 584; 584; 502; 5; 0; 433; 350; 7; ;218 
218
../data/Video_tracking/190926/20190926_160353069_7BEES_generated_20210928_090140_nn.csv; 5537095342118715238; 2023-03-16 02:40:59.605352; False; False; False; 50; 100; 70; 20; 50; 100; 120; 49; 0; 508; 200; 100;  50; [[0, 900], [0, 900]]; 1770; 1222; 847; 54; 0; 384; 338; 7; ;219 
219
../data/Video_tracking/190927/20190927_134508012_7BEES_generated_20211004_104131_nn.csv; 5537095342118715238; 2023-03-16 02:41:32.147614; False; False; False; 50; 100; 70; 20; 50; 100; 120; 49; 0; 508; 200; 100;  50; [[0, 900], [0, 900]]; 2584; 1850; 1465; 124; 0; 637; 453; 7; ;220 
220
../data/Video_tracking/190927/20190927_102553712_7BEES_generated_20210929_094812_nn.csv; 5537095342118715238; 2023-03-16 02:41:40.700172; True; False; False; 50; 100; 70; 20; 50; 100; 120; 49; 0; 508; 200; 100;  50; [[0, 900], [0, 900]]; 557; 557; 440; 8; 0; 345; 256; 7; ;221 
221
../data/Video_tracking/190928/20190928_155945481_7BEES_generated_20211008_101936_nn.csv; 5537095342118715238; 2023-03-16 02:41:55.557300; False; False; False; 50; 100; 70; 20; 50; 100; 120; 49; 0; 508; 200; 100;  50; [[0, 900], [0, 900]]; 881; 881; 714; 29; 0; 335; 293; 7; ;222 
222
../data/Video_tracking/190928/20190928_120344285_7BEES_generated_20211007_100845_nn.csv; 5537095342118715238; 2023-03-16 02:42:32.232631; False; False; False; 50; 100; 70; 20; 50; 100; 120; 49; 0; 508; 200; 100;  50; [[0, 900], [0, 900]]; 1659; 1659; 1400; 135; 0; 599; 417; 7; ;223 
223
../data/Video_tracking/190929/20190929_120828030_7BEES_generated_20211012_093441_nn.csv; 5537095342118715238; 2023-03-16 02:43:04.869995; False; False; False; 50; 100; 70; 20; 50; 100; 120; 49; 0; 508; 200; 100;  50; [[0, 900], [0, 900]]; 1969; 1969; 1351; 55; 0; 880; 759; 7; ;224 
224
../data/Video_tracking/190929/20190929_154221664_7BEES_generated_20211015_082847_nn.csv; 5537095342118715238; 2023-03-16 02:44:01.199466; False; False; False; 50; 100; 70; 20; 50; 100; 120; 49; 0; 508; 200; 100;  50; [[0, 900], [0, 900]]; 2181; 2181; 1928; 105; 0; 757; 522; 7; ;225 
225
../data/Video_tracking/190930/20190930_105454916_7BEES_generated_20211019_094651_nn.csv; 5537095342118715238; 2023-03-16 02:44:20.077791; False; False; False; 50; 100; 70; 20; 50; 100; 120; 49; 0; 508; 200; 100;  50; [[0, 900], [0, 900]]; 1026; 1009; 867; 249; 0; 493; 389; 7; ;226 
226
../data/Video_tracking/190930/20190930_141958074_7BEES_generated_20211018_100514_nn.csv; 5537095342118715238; 2023-03-16 02:45:01.686859; False; False; False; 50; 100; 70; 20; 50; 100; 120; 49; 0; 508; 200; 100;  50; [[0, 900], [0, 900]]; 1804; 1804; 1430; 56; 0; 667; 532; 7; ;227 
227
../data/Video_tracking/191001/20191001_110859586_7BEES_generated_20211026_091754_nn.csv; 5537095342118715238; 2023-03-16 02:45:38.011188; False; False; False; 50; 100; 70; 20; 50; 100; 120; 49; 0; 508; 200; 100;  50; [[0, 900], [0, 900]]; 2175; 1711; 1407; 93; 0; 651; 492; 7; ;228 
228
../data/Video_tracking/191001/20191001_135710524_7BEES_generated_20211028_093407_nn.csv; 5537095342118715238; 2023-03-16 02:46:21.844172; False; False; False; 50; 100; 70; 20; 50; 100; 120; 49; 0; 508; 200; 100;  50; [[0, 900], [0, 900]]; 1340; 1340; 1060; 9; 0; 837; 720; 7; ;229 
229
../data/Video_tracking/191002/20191002_132353995_7BEES_generated_20211221_111451_nn.csv; 5537095342118715238; 2023-03-16 02:46:51.128847; False; False; False; 50; 100; 70; 20; 50; 100; 120; 49; 0; 508; 200; 100;  50; [[0, 900], [0, 900]]; 1411; 1370; 1106; 55; 0; 612; 525; 7; ;230 
230
../data/Video_tracking/191002/20191002_100933697_7BEES_generated_20211102_112714_nn.csv; 5537095342118715238; 2023-03-16 02:48:17.533797; False; False; False; 50; 100; 70; 20; 50; 100; 120; 49; 0; 508; 200; 100;  50; [[0, 900], [0, 900]]; 2086; 1992; 1488; 22; 0; 1328; 1162; 7; ;231 
231
../data/Video_tracking/191003/20191003_124508386_7BEES_generated_20211222_110729_nn.csv; 5537095342118715238; 2023-03-16 02:48:58.786863; False; False; False; 50; 100; 70; 20; 50; 100; 120; 49; 0; 508; 200; 100;  50; [[0, 900], [0, 900]]; 1500; 1500; 1087; 17; 0; 927; 743; 7; ;232 
232
../data/Video_tracking/191003/20191003_105007235_7BEES_generated_20211222_105307_nn.csv; 5537095342118715238; 2023-03-16 02:49:41.124611; False; False; False; 50; 100; 70; 20; 50; 100; 120; 49; 0; 508; 200; 100;  50; [[0, 900], [0, 900]]; 1322; 1322; 1104; 16; 0; 970; 707; 7; ;233 
233
../data/Video_tracking/191007/20191007_121631764_7BEES_generated_20220104_101432_nn.csv; 5537095342118715238; 2023-03-16 02:50:10.201804; False; False; False; 50; 100; 70; 20; 50; 100; 120; 49; 0; 508; 200; 100;  50; [[0, 900], [0, 900]]; 1352; 1352; 1144; 235; 0; 540; 412; 7; ;234 
234
../data/Video_tracking/191007/20191007_150734667_7BEES_generated_20220105_090956_nn.csv; 5537095342118715238; 2023-03-16 02:50:45.548615; False; False; False; 50; 100; 70; 20; 50; 100; 120; 49; 0; 508; 200; 100;  50; [[0, 900], [0, 900]]; 1545; 1545; 1093; 20; 0; 724; 661; 7; ;235 
235
../data/Video_tracking/191008/20191008_155753645_7BEES_generated_20220107_083514_nn.csv; 5537095342118715238; 2023-03-16 02:51:13.223548; False; False; False; 50; 100; 70; 20; 50; 100; 120; 49; 0; 508; 200; 100;  50; [[0, 900], [0, 900]]; 1570; 1570; 1360; 202; 0; 406; 297; 7; ;236 
236
../data/Video_tracking/191008/20191008_121926491_7BEES_generated_20220107_065423_nn.csv; 5537095342118715238; 2023-03-16 02:51:34.211864; False; False; False; 50; 100; 70; 20; 50; 100; 120; 49; 0; 508; 200; 100;  50; [[0, 900], [0, 900]]; 964; 964; 722; 23; 0; 523; 428; 7; ;237 
237
../data/Video_tracking/191008/20191008_115300009_7BEES_generated_20220107_064230_nn.csv; 5537095342118715238; 2023-03-16 02:51:52.552638; False; False; False; 50; 100; 70; 20; 50; 100; 120; 49; 0; 508; 200; 100;  50; [[0, 900], [0, 900]]; 990; 990; 721; 20; 0; 459; 373; 7; ;238 
238
../data/Video_tracking/191011/20191011_144612813_7BEES_generated_20220107_102150_nn.csv; 5537095342118715238; 2023-03-16 02:52:22.184588; False; False; False; 50; 100; 70; 20; 50; 100; 120; 49; 0; 508; 200; 100;  50; [[0, 900], [0, 900]]; 1106; 1106; 865; 12; 0; 737; 597; 7; ;239 
239
../data/Video_tracking/191014/20191014_164746859_7BEES_generated_20220110_114635_nn.csv; 5537095342118715238; 2023-03-16 02:53:02.212047; False; False; False; 50; 100; 70; 20; 50; 100; 120; 49; 0; 508; 200; 100;  50; [[0, 900], [0, 900]]; 2091; 2091; 1783; 28; 0; 618; 532; 7; ;240 
240
../data/Video_tracking/191016/20191016_165116992_7BEES_generated_20220120_073941_nn.csv; 5537095342118715238; 2023-03-16 02:53:20.515495; False; False; False; 50; 100; 70; 20; 50; 100; 120; 49; 0; 508; 200; 100;  50; [[0, 900], [0, 900]]; 769; 769; 624; 17; 0; 514; 385; 7; ;241 
241
../data/Video_tracking/191016/20191016_155641331_7BEES_generated_20220119_090250_nn.csv; 5537095342118715238; 2023-03-16 02:53:42.697924; False; False; False; 50; 100; 70; 20; 50; 100; 120; 49; 0; 508; 200; 100;  50; [[0, 900], [0, 900]]; 917; 917; 754; 41; 0; 477; 403; 7; ;242 
242
../data/Video_tracking/191017/20191017_171732489_7BEES_generated_20220125_080511_nn.csv; 5537095342118715238; 2023-03-16 02:54:12.769818; False; False; False; 50; 100; 70; 20; 50; 100; 120; 49; 0; 508; 200; 100;  50; [[0, 900], [0, 900]]; 1691; 1691; 1378; 29; 0; 607; 530; 7; ;243 
243
../data/Video_tracking/191017/20191017_175536577_7BEES_generated_20220125_085512_nn.csv; 5537095342118715238; 2023-03-16 02:54:29.712266; False; False; False; 50; 100; 70; 20; 50; 100; 120; 49; 0; 508; 200; 100;  50; [[0, 900], [0, 900]]; 746; 746; 585; 8; 0; 538; 395; 7; ;244 
244
../data/Video_tracking/191017/20191017_124248837_7BEES_generated_20220121_113202_nn.csv; 5537095342118715238; 2023-03-16 02:55:05.252260; False; False; False; 50; 100; 70; 20; 50; 100; 120; 49; 0; 508; 200; 100;  50; [[0, 900], [0, 900]]; 2029; 2029; 1492; 43; 0; 659; 513; 7; ;245 
245
../data/Video_tracking/191018/20191018_124446161_7BEES_generated_20220126_101034_nn.csv; 5537095342118715238; 2023-03-16 02:55:26.177792; False; False; False; 50; 100; 70; 20; 50; 100; 120; 49; 0; 508; 200; 100;  50; [[0, 900], [0, 900]]; 995; 995; 793; 8; 0; 596; 460; 7; ;246 
246
../data/Video_tracking/190822/20190822_121127355_10BEE_generated_20210430_102736_nn.csv; 5537095342118715238; 2023-03-16 02:58:34.412792; False; False; False; 50; 100; 70; 20; 50; 100; 120; 49; 0; 508; 200; 100;  50; [[0, 900], [0, 900]]; 2126; 2126; 1549; 91; 0; 813; 633; 10; ;247 
247
../data/Video_tracking/190822/20190822_151158355_10BEE_generated_20210504_082545_nn.csv; 5537095342118715238; 2023-03-16 03:00:34.939846; False; False; False; 50; 100; 70; 20; 50; 100; 120; 49; 0; 508; 200; 100;  50; [[0, 900], [0, 900]]; 1707; 1707; 1319; 42; 0; 1143; 984; 10; ;248 
248
../data/Video_tracking/190823/20190823_162410226_10BEES_generated_20210510_080842_nn.csv; 5537095342118715238; 2023-03-16 03:03:29.171980; False; False; False; 50; 100; 70; 20; 50; 100; 120; 49; 0; 508; 200; 100;  50; [[0, 900], [0, 900]]; 2225; 2225; 1836; 56; 0; 1024; 850; 10; ;249 
249
../data/Video_tracking/190903/20190903_131117672_10BEES_generated_20210511_062341_nn.csv; 5537095342118715238; 2023-03-16 03:08:16.223664; False; False; False; 50; 100; 70; 20; 50; 100; 120; 49; 0; 508; 200; 100;  50; [[0, 900], [0, 900]]; 2837; 2837; 2351; 78; 0; 1914; 1668; 10; ;250 
250
../data/Video_tracking/190903/20190903_170217904_10BEES_generated_20210512_071725_nn.csv; 5537095342118715238; 2023-03-16 03:09:10.316906; True; False; False; 50; 100; 70; 20; 50; 100; 120; 49; 0; 508; 200; 100;  50; [[0, 900], [0, 900]]; 865; 865; 726; 47; 0; 426; 316; 10; ;251 
251
../data/Video_tracking/190904/20190904_121723342_10BEES_generated_20210520_103316_nn.csv; 5537095342118715238; 2023-03-16 03:10:27.746419; False; False; False; 50; 100; 70; 20; 50; 100; 120; 49; 0; 508; 200; 100;  50; [[0, 900], [0, 900]]; 1338; 1338; 1167; 29; 0; 669; 487; 10; ;252 
252
../data/Video_tracking/190904/20190904_163324719_10BEES_generated_20210525_100838_nn.csv; 5537095342118715238; 2023-03-16 03:11:32.257626; True; False; False; 50; 100; 70; 20; 50; 100; 120; 49; 0; 508; 200; 100;  50; [[0, 900], [0, 900]]; 1250; 1250; 875; 18; 0; 503; 442; 10; ;253 
253
../data/Video_tracking/190905/20190905_110548502_10BEES_generated_20210527_094614_nn.csv; 5537095342118715238; 2023-03-16 03:14:37.885876; True; False; False; 50; 100; 70; 20; 50; 100; 120; 49; 0; 508; 200; 100;  50; [[0, 900], [0, 900]]; 1478; 1478; 1352; 197; 0; 600; 439; 10; ;254 
254
../data/Video_tracking/190906/20190906_150041160_10BEES_generated_20210601_071145_nn.csv; 5537095342118715238; 2023-03-16 03:16:08.682884; True; False; False; 50; 100; 70; 20; 50; 100; 120; 49; 0; 508; 200; 100;  50; [[0, 900], [0, 900]]; 1494; 1494; 1303; 24; 0; 939; 757; 10; ;255 
255
../data/Video_tracking/190916/20190916_120207930_10BEES_generated_20210608_085327_nn.csv; 5537095342118715238; 2023-03-16 03:17:22.611276; True; False; False; 50; 100; 70; 20; 50; 100; 120; 49; 0; 508; 200; 100;  50; [[0, 900], [0, 900]]; 1576; 1576; 1378; 21; 0; 991; 741; 10; ;256 
256
../data/Video_tracking/190916/20190916_153917173_10BEES_generated_20210611_102923_nn.csv; 5537095342118715238; 2023-03-16 03:18:33.654512; False; False; False; 50; 100; 70; 20; 50; 100; 120; 49; 0; 508; 200; 100;  50; [[0, 900], [0, 900]]; 1548; 1548; 1253; 6; 0; 1039; 852; 10; ;257 
257
../data/Video_tracking/190917/20190917_103038278_10BEES_generated_20210802_104137_nn.csv; 5537095342118715238; 2023-03-16 03:20:24.290537; False; False; False; 50; 100; 70; 20; 50; 100; 120; 49; 0; 508; 200; 100;  50; [[0, 900], [0, 900]]; 1734; 1733; 1409; 23; 0; 792; 609; 10; ;258 
258
../data/Video_tracking/190917/20190917_145905704_10BEES_generated_20210903_091715_nn.csv; 5537095342118715238; 2023-03-16 03:25:10.218944; False; False; False; 50; 100; 70; 20; 50; 100; 120; 49; 0; 508; 200; 100;  50; [[0, 900], [0, 900]]; 2698; 2687; 2168; 79; 0; 988; 813; 10; ;259 
259
../data/Video_tracking/190918/20190918_104441181_10BEES_generated_20210907_080942_nn.csv; 5537095342118715238; 2023-03-16 03:26:22.777693; False; False; False; 50; 100; 70; 20; 50; 100; 120; 49; 0; 508; 200; 100;  50; [[0, 900], [0, 900]]; 1485; 1485; 1205; 30; 0; 1104; 857; 10; ;260 
260
../data/Video_tracking/190919/20190919_141048700_10BEES_generated_20210908_091000_nn.csv; 5537095342118715238; 2023-03-16 03:27:26.447195; False; False; False; 50; 100; 70; 20; 50; 100; 120; 49; 0; 508; 200; 100;  50; [[0, 900], [0, 900]]; 1358; 1358; 1197; 16; 0; 996; 757; 10; ;261 
261
../data/Video_tracking/190920/20190920_143418975_10BEES_generated_20210910_081548_nn.csv; 5537095342118715238; 2023-03-16 03:29:19.073343; False; False; False; 50; 100; 70; 20; 50; 100; 120; 49; 0; 508; 200; 100;  50; [[0, 900], [0, 900]]; 2069; 2069; 1608; 31; 0; 872; 732; 10; ;262 
262
../data/Video_tracking/190922/20190922_164935024_10BEES_generated_20210913_104649_nn.csv; 5537095342118715238; 2023-03-16 03:30:09.350304; False; False; False; 50; 100; 70; 20; 50; 100; 120; 49; 0; 508; 200; 100;  50; [[0, 900], [0, 900]]; 1034; 1034; 855; 10; 0; 787; 623; 10; ;263 
263
../data/Video_tracking/190922/20190922_125541361_10BEES_generated_20210916_083116_nn.csv; 5537095342118715238; 2023-03-16 03:30:53.389955; True; False; False; 50; 100; 70; 20; 50; 100; 120; 49; 0; 508; 200; 100;  50; [[0, 900], [0, 900]]; 1010; 975; 865; 7; 0; 810; 644; 10; ;264 
264
../data/Video_tracking/190924/20190924_162018096_10BEES_generated_20210917_101357_nn.csv; 5537095342118715238; 2023-03-16 03:32:17.956063; False; False; False; 50; 100; 70; 20; 50; 100; 120; 49; 0; 508; 200; 100;  50; [[0, 900], [0, 900]]; 1592; 1592; 1247; 19; 0; 799; 621; 10; ;265 
265
../data/Video_tracking/190924/20190924_163201296_10BEES_generated_20210917_101746_nn.csv; 5537095342118715238; 2023-03-16 03:34:29.809712; False; False; False; 50; 100; 70; 20; 50; 100; 120; 49; 0; 508; 200; 100;  50; [[0, 900], [0, 900]]; 2198; 2198; 1648; 41; 0; 1233; 1034; 10; ;266 
266
../data/Video_tracking/190924/20190924_115712296_10BEES_generated_20210917_080744_nn.csv; 5537095342118715238; 2023-03-16 03:37:38.402242; False; False; False; 50; 100; 70; 20; 50; 100; 120; 49; 0; 508; 200; 100;  50; [[0, 900], [0, 900]]; 2148; 2148; 1788; 60; 0; 817; 658; 10; ;267 
267
../data/Video_tracking/190925/20190925_110237085_10BEES_generated_20210924_082144_nn.csv; 5537095342118715238; 2023-03-16 03:41:22.856004; False; False; False; 50; 100; 70; 20; 50; 100; 120; 49; 0; 508; 200; 100;  50; [[0, 900], [0, 900]]; 2234; 2234; 1963; 139; 0; 807; 651; 10; ;268 
268
../data/Video_tracking/190926/20190926_161520655_10BEES_generated_20210928_090610_nn.csv; 5537095342118715238; 2023-03-16 03:42:36.233862; False; False; False; 50; 100; 70; 20; 50; 100; 120; 49; 0; 508; 200; 100;  50; [[0, 900], [0, 900]]; 1346; 1346; 1049; 31; 0; 840; 635; 10; ;269 
269
../data/Video_tracking/190927/20190927_135709044_10BEES_generated_20211005_094101_nn.csv; 5537095342118715238; 2023-03-16 03:49:53.227389; False; False; False; 50; 100; 70; 20; 50; 100; 120; 49; 0; 508; 200; 100;  50; [[0, 900], [0, 900]]; 2202; 2202; 1949; 264; 0; 685; 465; 10; ;270 
270
../data/Video_tracking/190927/20190927_103759768_10BEES_generated_20210929_104342_nn.csv; 5537095342118715238; 2023-03-16 03:52:20.893615; True; False; False; 50; 100; 70; 20; 50; 100; 120; 49; 0; 508; 200; 100;  50; [[0, 900], [0, 900]]; 2172; 2172; 1876; 26; 0; 1235; 1009; 10; ;271 
271
../data/Video_tracking/190928/20190928_122031371_10BEES_generated_20211007_103125_nn.csv; 5537095342118715238; 2023-03-16 03:53:21.191588; False; False; False; 50; 100; 70; 20; 50; 100; 120; 49; 0; 508; 200; 100;  50; [[0, 900], [0, 900]]; 982; 982; 806; 19; 0; 493; 370; 10; ;272 
272
../data/Video_tracking/190928/20190928_161235208_10BEES_generated_20211008_102614_nn.csv; 5537095342118715238; 2023-03-16 03:55:16.565282; False; False; False; 50; 100; 70; 20; 50; 100; 120; 49; 0; 508; 200; 100;  50; [[0, 900], [0, 900]]; 1740; 1740; 1381; 15; 0; 975; 824; 10; ;273 
273
../data/Video_tracking/190929/20190929_121957315_10BEES_generated_20211012_094335_nn.csv; 5537095342118715238; 2023-03-16 03:56:00.851873; False; False; False; 50; 100; 70; 20; 50; 100; 120; 49; 0; 508; 200; 100;  50; [[0, 900], [0, 900]]; 1103; 1103; 984; 8; 0; 674; 521; 10; ;274 
274
../data/Video_tracking/190929/20190929_155407984_10BEES_generated_20211015_094028_nn.csv; 5537095342118715238; 2023-03-16 03:58:15.923557; False; False; False; 50; 100; 70; 20; 50; 100; 120; 49; 0; 508; 200; 100;  50; [[0, 900], [0, 900]]; 1815; 1764; 1488; 37; 0; 701; 555; 10; ;275 
275
../data/Video_tracking/190930/20190930_143111210_10BEES_generated_20211018_101123_nn.csv; 5537095342118715238; 2023-03-16 04:01:39.529483; False; False; False; 50; 100; 70; 20; 50; 100; 120; 49; 0; 508; 200; 100;  50; [[0, 900], [0, 900]]; 2938; 2938; 2269; 56; 0; 1330; 1077; 10; ;276 
276
../data/Video_tracking/190930/20190930_110620060_10BEES_generated_20211019_095354_nn.csv; 5537095342118715238; 2023-03-16 04:05:30.159725; False; False; False; 50; 100; 70; 20; 50; 100; 120; 49; 0; 508; 200; 100;  50; [[0, 900], [0, 900]]; 1893; 1893; 1682; 153; 0; 979; 745; 10; ;277 
277
../data/Video_tracking/191001/20191001_140821748_10BEES_generated_20211028_094845_nn.csv; 5537095342118715238; 2023-03-16 04:07:25.232788; False; False; False; 50; 100; 70; 20; 50; 100; 120; 49; 0; 508; 200; 100;  50; [[0, 900], [0, 900]]; 1925; 1925; 1582; 59; 0; 910; 750; 10; ;278 
278
../data/Video_tracking/191001/20191001_112031240_10BEES_generated_20211026_092048_nn.csv; 5537095342118715238; 2023-03-16 04:08:10.419260; False; False; False; 50; 100; 70; 20; 50; 100; 120; 49; 0; 508; 200; 100;  50; [[0, 900], [0, 900]]; 990; 990; 825; 13; 0; 689; 501; 10; ;279 
279
../data/Video_tracking/191002/20191002_102112781_10BEES_generated_20211220_113720_nn.csv; 5537095342118715238; 2023-03-16 04:10:54.929265; True; False; False; 50; 100; 70; 20; 50; 100; 120; 49; 0; 508; 200; 100;  50; [[0, 900], [0, 900]]; 2269; 2269; 1791; 64; 0; 995; 733; 10; ;280 
280
../data/Video_tracking/191002/20191002_133525621_10BEES_generated_20211222_080816_nn.csv; 5537095342118715238; 2023-03-16 04:12:58.741842; True; False; False; 50; 100; 70; 20; 50; 100; 120; 49; 0; 508; 200; 100;  50; [[0, 900], [0, 900]]; 2036; 2029; 1487; 42; 0; 1046; 857; 10; ;281 
281
../data/Video_tracking/191003/20191003_125620288_10BEES_generated_20211222_105417_nn.csv; 5537095342118715238; 2023-03-16 04:14:12.960828; False; False; False; 50; 100; 70; 20; 50; 100; 120; 49; 0; 508; 200; 100;  50; [[0, 900], [0, 900]]; 1615; 1615; 1259; 28; 0; 1170; 904; 10; ;282 
282
../data/Video_tracking/191003/20191003_095527912_10BEES_generated_20211222_105139_nn.csv; 5537095342118715238; 2023-03-16 04:15:38.631224; False; False; False; 50; 100; 70; 20; 50; 100; 120; 49; 0; 508; 200; 100;  50; [[0, 900], [0, 900]]; 1601; 1601; 1306; 41; 0; 924; 691; 10; ;283 
283
../data/Video_tracking/191007/20191007_141118287_10BEES_generated_20220104_105737_nn.csv; 5537095342118715238; 2023-03-16 04:22:09.095304; False; False; False; 50; 100; 70; 20; 50; 100; 120; 49; 0; 508; 200; 100;  50; [[0, 900], [0, 900]]; 2952; 2952; 2581; 109; 0; 1477; 1093; 10; ;284 
284
../data/Video_tracking/191007/20191007_111802396_10BEES_generated_20220103_115134_nn.csv; 5537095342118715238; 2023-03-16 04:24:58.841974; False; False; False; 50; 100; 70; 20; 50; 100; 120; 49; 0; 508; 200; 100;  50; [[0, 900], [0, 900]]; 2191; 2191; 1878; 68; 0; 915; 738; 10; ;285 
285
../data/Video_tracking/191008/20191008_161034917_10BEES_generated_20220107_084847_nn.csv; 5537095342118715238; 2023-03-16 04:26:03.903512; False; False; False; 50; 100; 70; 20; 50; 100; 120; 49; 0; 508; 200; 100;  50; [[0, 900], [0, 900]]; 1109; 1109; 982; 23; 0; 808; 600; 10; ;286 
286
../data/Video_tracking/191008/20191008_120529380_10BEES_generated_20220107_064857_nn.csv; 5537095342118715238; 2023-03-16 04:28:16.832410; False; False; False; 50; 100; 70; 20; 50; 100; 120; 49; 0; 508; 200; 100;  50; [[0, 900], [0, 900]]; 2013; 2013; 1624; 48; 0; 1335; 1078; 10; ;287 
287
../data/Video_tracking/191011/20191011_145822566_10BEES_generated_20220107_102527_nn.csv; 5537095342118715238; 2023-03-16 04:29:57.645806; False; False; False; 50; 100; 70; 20; 50; 100; 120; 49; 0; 508; 200; 100;  50; [[0, 900], [0, 900]]; 1716; 1716; 1357; 21; 0; 939; 774; 10; ;288 
288
../data/Video_tracking/191014/20191014_170158067_10BEES_generated_20220111_080114_nn.csv; 5537095342118715238; 2023-03-16 04:33:43.207160; False; False; False; 50; 100; 70; 20; 50; 100; 120; 49; 0; 508; 200; 100;  50; [[0, 900], [0, 900]]; 2613; 2613; 2116; 85; 0; 1453; 1217; 10; ;289 
289
../data/Video_tracking/191016/20191016_132346782_10BEES_generated_20220118_100307_nn.csv; 5537095342118715238; 2023-03-16 04:37:00.666635; False; False; False; 50; 100; 70; 20; 50; 100; 120; 49; 0; 508; 200; 100;  50; [[0, 900], [0, 900]]; 2493; 2493; 2028; 153; 0; 1233; 937; 10; ;290 
290
../data/Video_tracking/191016/20191016_160838515_10BEES_generated_20220119_090556_nn.csv; 5537095342118715238; 2023-03-16 04:38:00.622524; False; False; False; 50; 100; 70; 20; 50; 100; 120; 49; 0; 508; 200; 100;  50; [[0, 900], [0, 900]]; 1220; 1220; 1037; 28; 0; 864; 693; 10; ;291 
291
../data/Video_tracking/191016/20191016_123316519_10BEES_generated_20220113_125257_nn.csv; 5537095342118715238; 2023-03-16 04:39:05.228796; False; False; False; 50; 100; 70; 20; 50; 100; 120; 49; 0; 508; 200; 100;  50; [[0, 900], [0, 900]]; 1076; 1076; 888; 18; 0; 750; 596; 10; ;292 
292
../data/Video_tracking/191016/20191016_170332465_10BEES_generated_20220120_075126_nn.csv; 5537095342118715238; 2023-03-16 04:40:50.776993; False; False; False; 50; 100; 70; 20; 50; 100; 120; 49; 0; 508; 200; 100;  50; [[0, 900], [0, 900]]; 2090; 2090; 1496; 33; 0; 1105; 920; 10; ;293 
293
../data/Video_tracking/191017/20191017_132743751_10BEES_generated_20220121_115258_nn.csv; 5537095342118715238; 2023-03-16 04:41:40.267669; True; False; False; 50; 100; 70; 20; 50; 100; 120; 49; 0; 508; 200; 100;  50; [[0, 900], [0, 900]]; 1194; 1193; 989; 18; 0; 620; 483; 10; ;294 
294
../data/Video_tracking/191017/20191017_125419660_10BEES_generated_20220121_113743_nn.csv; 5537095342118715238; 2023-03-16 04:43:12.008106; False; False; False; 50; 100; 70; 20; 50; 100; 120; 49; 0; 508; 200; 100;  50; [[0, 900], [0, 900]]; 1762; 1762; 1399; 29; 0; 758; 578; 10; ;295 
295
../data/Video_tracking/191018/20191018_131957590_10BEES_generated_20220125_104309_nn.csv; 5537095342118715238; 2023-03-16 04:44:39.468578; False; False; False; 50; 100; 70; 20; 50; 100; 120; 49; 0; 508; 200; 100;  50; [[0, 900], [0, 900]]; 1316; 1316; 1126; 36; 0; 839; 664; 10; ;296 
296
../data/Video_tracking/191018/20191018_125650447_10BEES_generated_20220125_102149_nn.csv; 5537095342118715238; 2023-03-16 04:50:32.885858; False; False; False; 50; 100; 70; 20; 50; 100; 120; 49; 0; 508; 200; 100;  50; [[0, 900], [0, 900]]; 2768; 2768; 2433; 94; 0; 609; 448; 10; ;297 
297
../data/Video_tracking/190822/20190822_122407809_15BEE_generated_20210803_085008_nn.csv; 5537095342118715238; 2023-03-16 05:08:15.420492; True; False; False; 50; 100; 70; 20; 50; 100; 120; 49; 0; 508; 200; 100;  50; [[0, 900], [0, 900]]; 2174; 2174; 1764; 31; 0; 1528; 1344; 15; ;298 
298
../data/Video_tracking/190823/20190823_163934743_15BEES_generated_20210510_082044_nn.csv; 5537095342118715238; 2023-03-16 05:46:47.220503; True; False; False; 50; 100; 70; 20; 50; 100; 120; 49; 0; 508; 200; 100;  50; [[0, 900], [0, 900]]; 2190; 2190; 1935; 33; 0; 1426; 1095; 15; ;299 
299
../data/Video_tracking/190903/20190903_171612563_15BEES_generated_20210518_101121_nn.csv; 5537095342118715238; 2023-03-16 06:08:55.898645; False; False; False; 50; 100; 70; 20; 50; 100; 120; 49; 0; 508; 200; 100;  50; [[0, 900], [0, 900]]; 2337; 2337; 2052; 58; 0; 1716; 1281; 15; ;300 
300
../data/Video_tracking/190903/20190903_132435095_15BEES_generated_20210511_063736_nn.csv; 5537095342118715238; 2023-03-16 06:30:50.416943; True; False; False; 50; 100; 70; 20; 50; 100; 120; 49; 0; 508; 200; 100;  50; [[0, 900], [0, 900]]; 3212; 3212; 2783; 146; 0; 2136; 1652; 15; ;301 
301
../data/Video_tracking/190904/20190904_164507538_15BEES_generated_20210525_103318_nn.csv; 5537095342118715238; 2023-03-16 06:39:10.700563; False; False; False; 50; 100; 70; 20; 50; 100; 120; 49; 0; 508; 200; 100;  50; [[0, 900], [0, 900]]; 1428; 1428; 1270; 20; 0; 1050; 762; 15; ;302 
302
../data/Video_tracking/190904/20190904_123252421_15BEES_generated_20210521_063745_nn.csv; 5537095342118715238; 2023-03-16 11:30:34.343007; True; False; False; 50; 100; 70; 20; 50; 100; 120; 49; 0; 508; 200; 100;  50; [[0, 900], [0, 900]]; 3496; 3496; 3084; 179; 0; 1854; 1514; 15; ;303 
303
../data/Video_tracking/190905/20190905_111848284_15BEES_generated_20210527_103530_nn.csv; 5537095342118715238; 2023-03-16 12:55:47.951615; True; False; False; 50; 100; 70; 20; 50; 100; 120; 49; 0; 508; 200; 100;  50; [[0, 900], [0, 900]]; 2374; 2374; 2195; 88; 0; 1165; 858; 15; ;304 
304
../data/Video_tracking/190906/20190906_151436479_15BEES_generated_20210607_081516_nn.csv; 5537095342118715238; 2023-03-16 13:52:46.245345; False; False; False; 50; 100; 70; 20; 50; 100; 120; 49; 0; 508; 200; 100;  50; [[0, 900], [0, 900]]; 2220; 2220; 1911; 33; 0; 1321; 974; 15; ;305 
305
../data/Video_tracking/190916/20190916_155142744_15BEES_generated_20210611_105921_nn.csv; 5537095342118715238; 2023-03-17 00:15:03.335565; False; False; False; 50; 100; 70; 20; 50; 100; 120; 49; 0; 508; 200; 100;  50; [[0, 900], [0, 900]]; 3346; 3346; 2938; 64; 0; 985; 751; 15; ;306 
306
../data/Video_tracking/190917/20190917_151102123_15BEES_generated_20210903_100118_nn.csv; 5537095342118715238; 2023-03-17 00:28:11.027572; False; False; False; 50; 100; 70; 20; 50; 100; 120; 49; 0; 508; 200; 100;  50; [[0, 900], [0, 900]]; 2294; 2294; 1997; 22; 0; 1704; 1374; 15; ;307 
307
../data/Video_tracking/190917/20190917_104532152_15BEES_generated_20210803_082437_nn.csv; 5537095342118715238; 2023-03-17 07:27:57.446253; False; False; False; 50; 100; 70; 20; 50; 100; 120; 49; 0; 508; 200; 100;  50; [[0, 900], [0, 900]]; 3739; 3739; 3337; 122; 0; 1297; 992; 15; ;308 
308
../data/Video_tracking/190918/20190918_105639722_15BEES_generated_20210907_081259_nn.csv; 5537095342118715238; 2023-03-17 07:33:59.506056; False; False; False; 50; 100; 70; 20; 50; 100; 120; 49; 0; 508; 200; 100;  50; [[0, 900], [0, 900]]; 1903; 1903; 1758; 33; 0; 1507; 1114; 15; ;309 
309
../data/Video_tracking/190919/20190919_105145877_15BEES_generated_20210908_083852_nn.csv; 5537095342118715238; 2023-03-17 07:59:02.886306; False; False; False; 50; 100; 70; 20; 50; 100; 120; 49; 0; 508; 200; 100;  50; [[0, 900], [0, 900]]; 3200; 3200; 2743; 93; 0; 2283; 1779; 15; ;310 
310
../data/Video_tracking/190920/20190920_144702326_15BEES_generated_20210910_082748_nn.csv; 5537095342118715238; 2023-03-17 08:36:31.597305; False; False; False; 50; 100; 70; 20; 50; 100; 120; 49; 0; 508; 200; 100;  50; [[0, 900], [0, 900]]; 1961; 1961; 1628; 36; 0; 1117; 897; 15; ;311 
311
../data/Video_tracking/190920/20190920_110628291_15BEES_generated_20210909_095322_nn.csv; 5537095342118715238; 2023-03-17 10:27:09.960899; True; False; False; 50; 100; 70; 20; 50; 100; 120; 49; 0; 508; 200; 100;  50; [[0, 900], [0, 900]]; 2925; 2924; 2639; 59; 0; 1246; 1020; 15; ;312 
312
../data/Video_tracking/190922/20190922_154352238_15BEES_generated_20210913_095813_nn.csv; 5537095342118715238; 2023-03-17 14:52:25.687921; False; False; False; 50; 100; 70; 20; 50; 100; 120; 49; 0; 508; 200; 100;  50; [[0, 900], [0, 900]]; 3337; 3337; 2955; 101; 0; 1762; 1284; 15; ;313 
313
../data/Video_tracking/190922/20190922_115427042_15BEES_generated_20210913_074557_nn.csv; 5537095342118715238; 2023-03-17 15:43:02.512351; False; False; False; 50; 100; 70; 20; 50; 100; 120; 49; 0; 508; 200; 100;  50; [[0, 900], [0, 900]]; 2154; 2154; 1828; 50; 0; 1402; 1059; 15; ;314 
314
../data/Video_tracking/190924/20190924_105949133_15BEES_generated_20210916_083521_nn.csv; 5537095342118715238; 2023-03-17 15:53:18.199431; False; False; False; 50; 100; 70; 20; 50; 100; 120; 49; 0; 508; 200; 100;  50; [[0, 900], [0, 900]]; 2413; 2413; 2124; 57; 0; 1853; 1427; 15; ;315 
315
../data/Video_tracking/190924/20190924_152226497_15BEES_generated_20210914_095925_nn.csv; 5537095342118715238; 2023-03-17 16:17:25.799822; False; False; False; 50; 100; 70; 20; 50; 100; 120; 49; 0; 508; 200; 100;  50; [[0, 900], [0, 900]]; 2236; 2236; 1931; 35; 0; 1464; 1142; 15; ;316 
316
../data/Video_tracking/190925/20190925_142354429_15BEES_generated_20210924_084837_nn.csv; 5537095342118715238; 2023-03-17 16:25:33.589951; False; False; False; 50; 100; 70; 20; 50; 100; 120; 49; 0; 508; 200; 100;  50; [[0, 900], [0, 900]]; 1904; 1904; 1655; 24; 0; 1466; 1093; 15; ;317 
317
../data/Video_tracking/190925/20190925_111416348_15BEES_generated_20210924_082629_nn.csv; 5537095342118715238; 2023-03-17 16:41:15.054831; False; False; False; 50; 100; 70; 20; 50; 100; 120; 49; 0; 508; 200; 100;  50; [[0, 900], [0, 900]]; 1993; 1993; 1727; 28; 0; 1439; 1077; 15; ;318 
318
../data/Video_tracking/190926/20190926_162712758_15BEES_generated_20210928_090840_nn.csv; 5537095342118715238; 2023-03-17 17:29:41.431855; False; False; False; 50; 100; 70; 20; 50; 100; 120; 49; 0; 508; 200; 100;  50; [[0, 900], [0, 900]]; 2712; 2574; 2188; 78; 0; 1546; 1261; 15; ;319 
319
../data/Video_tracking/190926/20190926_131641554_15BEES_generated_20210927_085812_nn.csv; 5537095342118715238; 2023-03-17 18:32:07.140693; False; False; False; 50; 100; 70; 20; 50; 100; 120; 49; 0; 508; 200; 100;  50; [[0, 900], [0, 900]]; 1974; 1974; 1727; 9; 0; 841; 677; 15; ;320 
320
../data/Video_tracking/190927/20190927_105015136_15BEES_generated_20211001_084351_nn.csv; 5537095342118715238; 2023-03-17 20:20:42.485381; False; False; False; 50; 100; 70; 20; 50; 100; 120; 49; 0; 508; 200; 100;  50; [[0, 900], [0, 900]]; 2255; 2142; 1792; 41; 0; 962; 721; 15; ;321 
321
../data/Video_tracking/190927/20190927_140903972_15BEES_generated_20211006_092141_nn.csv; 5537095342118715238; 2023-03-17 22:27:56.975236; False; False; False; 50; 100; 70; 20; 50; 100; 120; 49; 0; 508; 200; 100;  50; [[0, 900], [0, 900]]; 1906; 1906; 1663; 78; 0; 673; 500; 15; ;322 
322
../data/Video_tracking/190929/20190929_160530530_15BEES_generated_20211015_094803_nn.csv; 5537095342118715238; 2023-03-18 02:27:47.822176; False; False; False; 50; 100; 70; 20; 50; 100; 120; 49; 0; 508; 200; 100;  50; [[0, 900], [0, 900]]; 3051; 3051; 2575; 130; 0; 1238; 908; 15; ;323 
323
../data/Video_tracking/190930/20190930_144234627_15BEES_generated_20211018_100830_nn.csv; 5537095342118715238; 2023-03-18 03:01:32.099981; False; False; False; 50; 100; 70; 20; 50; 100; 120; 49; 0; 508; 200; 100;  50; [[0, 900], [0, 900]]; 2350; 2350; 1902; 58; 0; 1595; 1277; 15; ;324 
324
../data/Video_tracking/190930/20190930_111749856_15BEES_generated_20211019_101232_nn.csv; 5537095342118715238; 2023-03-18 03:43:57.441410; False; False; False; 50; 100; 70; 20; 50; 100; 120; 49; 0; 508; 200; 100;  50; [[0, 900], [0, 900]]; 2089; 2084; 1790; 16; 0; 1300; 1021; 15; ;325 
325
../data/Video_tracking/191001/20191001_141957735_15BEES_generated_20211028_095546_nn.csv; 5537095342118715238; 2023-03-18 07:43:01.402565; True; False; False; 50; 100; 70; 20; 50; 100; 120; 49; 0; 508; 200; 100;  50; [[0, 900], [0, 900]]; 3989; 3989; 3543; 59; 0; 2242; 1817; 15; ;326 
326
../data/Video_tracking/191001/20191001_113225056_15BEES_generated_20211026_092637_nn.csv; 5537095342118715238; 2023-03-18 09:46:31.801471; False; False; False; 50; 100; 70; 20; 50; 100; 120; 49; 0; 508; 200; 100;  50; [[0, 900], [0, 900]]; 2823; 2823; 2406; 148; 0; 1793; 1442; 15; ;327 
327
../data/Video_tracking/191003/20191003_130715174_15BEES_generated_20220103_113351_nn.csv; 5537095342118715238; 2023-03-18 10:24:41.839405; False; False; False; 50; 100; 70; 20; 50; 100; 120; 49; 0; 508; 200; 100;  50; [[0, 900], [0, 900]]; 2674; 2674; 2335; 66; 0; 1837; 1468; 15; ;328 
328
../data/Video_tracking/191007/20191007_142243717_15BEES_generated_20220105_085425_nn.csv; 5537095342118715238; 2023-03-18 11:51:36.678823; False; False; False; 50; 100; 70; 20; 50; 100; 120; 49; 0; 508; 200; 100;  50; [[0, 900], [0, 900]]; 2606; 2606; 2342; 38; 0; 1628; 1251; 15; ;329 
329
../data/Video_tracking/191007/20191007_112941330_15BEES_generated_20220104_095854_nn.csv; 5537095342118715238; 2023-03-18 13:00:11.643991; False; False; False; 50; 100; 70; 20; 50; 100; 120; 49; 0; 508; 200; 100;  50; [[0, 900], [0, 900]]; 3524; 3524; 3055; 40; 0; 2279; 1803; 15; ;330 
330
../data/Video_tracking/191008/20191008_110243113_15BEES_generated_20220105_103922_nn.csv; 5537095342118715238; 2023-03-18 13:21:15.814709; False; False; False; 50; 100; 70; 20; 50; 100; 120; 49; 0; 508; 200; 100;  50; [[0, 900], [0, 900]]; 2960; 2960; 2454; 58; 0; 2164; 1718; 15; ;331 
331
../data/Video_tracking/191008/20191008_150528777_15BEES_generated_20220107_072438_nn.csv; 5537095342118715238; 2023-03-18 13:45:49.821701; False; False; False; 50; 100; 70; 20; 50; 100; 120; 49; 0; 508; 200; 100;  50; [[0, 900], [0, 900]]; 2664; 2664; 2194; 38; 0; 1817; 1432; 15; ;332 
332
../data/Video_tracking/191011/20191011_134945372_15BEES_generated_20220107_091631_nn.csv; 5537095342118715238; 2023-03-18 15:23:58.413589; False; False; False; 50; 100; 70; 20; 50; 100; 120; 49; 0; 508; 200; 100;  50; [[0, 900], [0, 900]]; 2884; 2884; 2500; 81; 0; 1616; 1270; 15; ;333 
333
../data/Video_tracking/191014/20191014_155509712_15BEES_generated_20220110_074244_nn.csv; 5537095342118715238; 2023-03-18 18:07:59.001959; False; False; False; 50; 100; 70; 20; 50; 100; 120; 49; 0; 508; 200; 100;  50; [[0, 900], [0, 900]]; 3340; 3340; 2980; 218; 0; 2098; 1555; 15; ;334 
334
../data/Video_tracking/191016/20191016_162046345_15BEES_generated_20220119_095913_nn.csv; 5537095342118715238; 2023-03-18 18:27:05.063995; False; False; False; 50; 100; 70; 20; 50; 100; 120; 49; 0; 508; 200; 100;  50; [[0, 900], [0, 900]]; 2671; 2671; 2316; 74; 0; 1901; 1539; 15; ;335 
335
../data/Video_tracking/191016/20191016_124613239_15BEES_generated_20220117_104800_nn.csv; 5537095342118715238; 2023-03-18 18:41:17.034657; False; False; False; 50; 100; 70; 20; 50; 100; 120; 49; 0; 508; 200; 100;  50; [[0, 900], [0, 900]]; 2249; 2249; 1965; 75; 0; 1827; 1376; 15; ;336 
336
../data/Video_tracking/191017/20191017_130555083_15BEES_generated_20220121_114232_nn.csv; 5537095342118715238; 2023-03-18 18:59:00.642082; False; False; False; 50; 100; 70; 20; 50; 100; 120; 49; 0; 508; 200; 100;  50; [[0, 900], [0, 900]]; 2760; 2760; 2355; 128; 0; 1827; 1436; 15; ;337 
337
../data/Video_tracking/191017/20191017_133858498_15BEES_generated_20220124_101400_nn.csv; 5537095342118715238; 2023-03-18 19:31:20.663211; False; False; False; 50; 100; 70; 20; 50; 100; 120; 49; 0; 508; 200; 100;  50; [[0, 900], [0, 900]]; 2566; 2566; 2068; 82; 0; 1705; 1297; 15; ;338 
338
../data/Video_tracking/191018/20191018_133057695_15BEES_generated_20220126_102759_nn.csv; 5537095342118715238; 2023-03-18 19:41:07.393762; False; False; False; 50; 100; 70; 20; 50; 100; 120; 49; 0; 508; 200; 100;  50; [[0, 900], [0, 900]]; 2791; 2791; 2304; 59; 0; 2056; 1606; 15; ;339 
339
../data/Video_tracking/191018/20191018_142523619_15BEES_generated_20220125_103406_nn.csv; 5537095342118715238; 2023-03-18 19:45:19.247606; False; False; False; 50; 100; 70; 20; 50; 100; 120; 49; 0; 508; 200; 100;  50; [[0, 900], [0, 900]]; 2606; 2605; 2235; 107; 0; 2235; 1912; 15; ;340 
340
../data/Video_tracking/191018/20191018_143615609_15BEES_generated_20220126_104502_nn.csv; 5537095342118715238; 2023-03-18 19:50:10.849704; False; False; False; 50; 100; 70; 20; 50; 100; 120; 49; 0; 508; 200; 100;  50; [[0, 900], [0, 900]]; 2171; 2171; 1935; 61; 0; 1927; 1527; 15; ;341 
341
../data/Video_tracking/191018/20191018_130828543_15BEES_generated_20220125_102542_nn.csv; 5537095342118715238; 2023-03-18 20:10:55.155794; False; False; False; 50; 100; 70; 20; 50; 100; 120; 49; 0; 508; 200; 100;  50; [[0, 900], [0, 900]]; 1843; 1843; 1565; 27; 0; 1357; 1107; 15; ;342 
342
